"","recId","prob"
"1",30692,1
"2",30693,1
"3",30694,1
"4",30695,1
"5",30696,1
"6",30697,1
"7",30698,1
"8",30699,1
"9",30700,1
"10",30701,1
"11",30702,1
"12",30703,1
"13",30704,1
"14",30705,1
"15",30706,1
"16",30707,1
"17",30708,1
"18",30709,1
"19",30710,1
"20",30711,1
"21",30712,1
"22",30713,1
"23",30714,1
"24",30715,1
"25",30716,1
"26",30717,1
"27",30718,1
"28",30719,1
"29",30720,1
"30",30721,1
"31",30722,1
"32",30723,1
"33",30724,1
"34",30725,1
"35",30726,1
"36",30727,1
"37",30728,1
"38",30729,1
"39",30730,1
"40",30731,1
"41",30732,1
"42",30733,1
"43",30734,1
"44",30735,1
"45",30736,1
"46",30737,1
"47",30738,1
"48",30739,1
"49",30740,1
"50",30741,1
"51",30742,1
"52",30743,1
"53",30744,1
"54",30745,1
"55",30746,1
"56",30747,1
"57",30748,1
"58",30749,1
"59",30750,1
"60",30751,1
"61",30752,1
"62",30753,1
"63",30754,1
"64",30755,1
"65",30756,1
"66",30757,1
"67",30758,1
"68",30759,1
"69",30760,1
"70",30761,1
"71",30762,1
"72",30763,1
"73",30764,1
"74",30765,1
"75",30766,1
"76",30767,1
"77",30768,1
"78",30769,1
"79",30770,1
"80",30771,1
"81",30772,1
"82",30773,1
"83",30774,1
"84",30775,1
"85",30776,1
"86",30777,1
"87",30778,1
"88",30779,1
"89",30780,1
"90",30781,1
"91",30782,1
"92",30783,1
"93",30784,1
"94",30785,1
"95",30786,1
"96",30787,1
"97",30788,1
"98",30789,1
"99",30790,1
"100",30791,1
"101",30792,1
"102",30793,1
"103",30794,1
"104",30795,1
"105",30796,1
"106",30797,1
"107",30798,1
"108",30799,1
"109",30800,1
"110",30801,0.000000000000000222044604925031
"111",30802,1
"112",30803,1
"113",30804,1
"114",30805,1
"115",30806,1
"116",30807,1
"117",30808,1
"118",30809,1
"119",30810,1
"120",30811,1
"121",30812,1
"122",30813,1
"123",30814,1
"124",30815,1
"125",30816,1
"126",30817,1
"127",30818,1
"128",30819,1
"129",30820,1
"130",30821,1
"131",30822,1
"132",30823,1
"133",30824,1
"134",30825,1
"135",30826,1
"136",30827,1
"137",30828,1
"138",30829,1
"139",30830,1
"140",30831,1
"141",30832,1
"142",30833,1
"143",30834,1
"144",30835,1
"145",30836,1
"146",30837,1
"147",30838,1
"148",30839,1
"149",30840,1
"150",30841,1
"151",30842,1
"152",30843,1
"153",30844,1
"154",30845,1
"155",30846,1
"156",30847,1
"157",30848,1
"158",30849,1
"159",30850,1
"160",30851,1
"161",30852,1
"162",30853,1
"163",30854,1
"164",30855,1
"165",30856,1
"166",30857,1
"167",30858,1
"168",30859,1
"169",30860,1
"170",30861,1
"171",30862,1
"172",30863,1
"173",30864,1
"174",30865,1
"175",30866,1
"176",30867,1
"177",30868,1
"178",30869,1
"179",30870,1
"180",30871,1
"181",30872,1
"182",30873,1
"183",30874,1
"184",30875,1
"185",30876,1
"186",30877,1
"187",30878,1
"188",30879,1
"189",30880,1
"190",30881,1
"191",30882,1
"192",30883,1
"193",30884,1
"194",30885,0.000000000000000222044604925031
"195",30886,1
"196",30887,1
"197",30888,1
"198",30889,1
"199",30890,1
"200",30891,1
"201",30892,1
"202",30893,1
"203",30894,1
"204",30895,1
"205",30896,1
"206",30897,1
"207",30898,1
"208",30899,1
"209",30900,1
"210",30901,1
"211",30902,1
"212",30903,1
"213",30904,1
"214",30905,1
"215",30906,1
"216",30907,1
"217",30908,1
"218",30909,1
"219",30910,1
"220",30911,1
"221",30912,1
"222",30913,1
"223",30914,1
"224",30915,1
"225",30916,1
"226",30917,1
"227",30918,1
"228",30919,1
"229",30920,1
"230",30921,1
"231",30922,1
"232",30923,1
"233",30924,1
"234",30925,1
"235",30926,1
"236",30927,1
"237",30928,1
"238",30929,1
"239",30930,1
"240",30931,1
"241",30932,1
"242",30933,1
"243",30934,1
"244",30935,1
"245",30936,1
"246",30937,1
"247",30938,1
"248",30939,1
"249",30940,1
"250",30941,1
"251",30942,1
"252",30943,1
"253",30944,1
"254",30945,1
"255",30946,1
"256",30947,1
"257",30948,1
"258",30949,1
"259",30950,1
"260",30951,1
"261",30952,1
"262",30953,1
"263",30954,1
"264",30955,1
"265",30956,1
"266",30957,1
"267",30958,1
"268",30959,1
"269",30960,1
"270",30961,1
"271",30962,1
"272",30963,1
"273",30964,1
"274",30965,1
"275",30966,1
"276",30967,1
"277",30968,1
"278",30969,1
"279",30970,1
"280",30971,1
"281",30972,1
"282",30973,1
"283",30974,1
"284",30975,1
"285",30976,1
"286",30977,1
"287",30978,1
"288",30979,1
"289",30980,1
"290",30981,1
"291",30982,1
"292",30983,1
"293",30984,1
"294",30985,1
"295",30986,1
"296",30987,1
"297",30988,1
"298",30989,1
"299",30990,1
"300",30991,1
"301",30992,1
"302",30993,1
"303",30994,1
"304",30995,1
"305",30996,1
"306",30997,1
"307",30998,1
"308",30999,1
"309",31000,1
"310",31001,1
"311",31002,1
"312",31003,1
"313",31004,1
"314",31005,1
"315",31006,1
"316",31007,1
"317",31008,1
"318",31009,1
"319",31010,1
"320",31011,1
"321",31012,1
"322",31013,1
"323",31014,1
"324",31015,1
"325",31016,1
"326",31017,1
"327",31018,1
"328",31019,1
"329",31020,1
"330",31021,1
"331",31022,1
"332",31023,1
"333",31024,1
"334",31025,1
"335",31026,1
"336",31027,1
"337",31028,1
"338",31029,1
"339",31030,1
"340",31031,1
"341",31032,1
"342",31033,1
"343",31034,1
"344",31035,1
"345",31036,1
"346",31037,1
"347",31038,1
"348",31039,1
"349",31040,1
"350",31041,1
"351",31042,1
"352",31043,1
"353",31044,1
"354",31045,1
"355",31046,1
"356",31047,1
"357",31048,1
"358",31049,1
"359",31050,1
"360",31051,1
"361",31052,1
"362",31053,1
"363",31054,1
"364",31055,1
"365",31056,1
"366",31057,1
"367",31058,1
"368",31059,1
"369",31060,1
"370",31061,1
"371",31062,1
"372",31063,1
"373",31064,1
"374",31065,1
"375",31066,1
"376",31067,1
"377",31068,1
"378",31069,1
"379",31070,1
"380",31071,1
"381",31072,1
"382",31073,1
"383",31074,1
"384",31075,1
"385",31076,1
"386",31077,1
"387",31078,1
"388",31079,1
"389",31080,1
"390",31081,1
"391",31082,1
"392",31083,1
"393",31084,1
"394",31085,1
"395",31086,1
"396",31087,1
"397",31088,1
"398",31089,1
"399",31090,1
"400",31091,1
"401",31092,1
"402",31093,1
"403",31094,1
"404",31095,1
"405",31096,1
"406",31097,1
"407",31098,1
"408",31099,1
"409",31100,1
"410",31101,1
"411",31102,1
"412",31103,1
"413",31104,1
"414",31105,1
"415",31106,1
"416",31107,1
"417",31108,1
"418",31109,1
"419",31110,1
"420",31111,1
"421",31112,1
"422",31113,1
"423",31114,1
"424",31115,1
"425",31116,1
"426",31117,1
"427",31118,1
"428",31119,1
"429",31120,1
"430",31121,1
"431",31122,1
"432",31123,1
"433",31124,1
"434",31125,1
"435",31126,1
"436",31127,1
"437",31128,1
"438",31129,1
"439",31130,1
"440",31131,1
"441",31132,1
"442",31133,1
"443",31134,1
"444",31135,1
"445",31136,1
"446",31137,1
"447",31138,1
"448",31139,1
"449",31140,1
"450",31141,1
"451",31142,1
"452",31143,1
"453",31144,1
"454",31145,1
"455",31146,1
"456",31147,1
"457",31148,1
"458",31149,1
"459",31150,1
"460",31151,1
"461",31152,1
"462",31153,1
"463",31154,1
"464",31155,0.000000000000000222044604925031
"465",31156,1
"466",31157,1
"467",31158,1
"468",31159,1
"469",31160,1
"470",31161,1
"471",31162,1
"472",31163,1
"473",31164,1
"474",31165,1
"475",31166,1
"476",31167,1
"477",31168,1
"478",31169,1
"479",31170,1
"480",31171,1
"481",31172,1
"482",31173,1
"483",31174,1
"484",31175,1
"485",31176,1
"486",31177,1
"487",31178,1
"488",31179,1
"489",31180,1
"490",31181,1
"491",31182,1
"492",31183,1
"493",31184,1
"494",31185,1
"495",31186,1
"496",31187,1
"497",31188,1
"498",31189,1
"499",31190,1
"500",31191,1
"501",31192,1
"502",31193,1
"503",31194,1
"504",31195,1
"505",31196,1
"506",31197,1
"507",31198,1
"508",31199,1
"509",31200,1
"510",31201,1
"511",31202,1
"512",31203,1
"513",31204,1
"514",31205,1
"515",31206,1
"516",31207,1
"517",31208,1
"518",31209,1
"519",31210,1
"520",31211,1
"521",31212,1
"522",31213,1
"523",31214,1
"524",31215,1
"525",31216,1
"526",31217,1
"527",31218,1
"528",31219,1
"529",31220,1
"530",31221,1
"531",31222,1
"532",31223,1
"533",31224,1
"534",31225,1
"535",31226,1
"536",31227,1
"537",31228,1
"538",31229,1
"539",31230,1
"540",31231,1
"541",31232,1
"542",31233,1
"543",31234,1
"544",31235,1
"545",31236,1
"546",31237,1
"547",31238,1
"548",31239,1
"549",31240,1
"550",31241,1
"551",31242,1
"552",31243,1
"553",31244,1
"554",31245,1
"555",31246,1
"556",31247,1
"557",31248,1
"558",31249,1
"559",31250,1
"560",31251,1
"561",31252,1
"562",31253,1
"563",31254,1
"564",31255,1
"565",31256,1
"566",31257,1
"567",31258,1
"568",31259,1
"569",31260,1
"570",31261,1
"571",31262,1
"572",31263,1
"573",31264,1
"574",31265,1
"575",31266,1
"576",31267,1
"577",31268,1
"578",31269,1
"579",31270,1
"580",31271,1
"581",31272,1
"582",31273,1
"583",31274,1
"584",31275,1
"585",31276,1
"586",31277,1
"587",31278,1
"588",31279,1
"589",31280,1
"590",31281,1
"591",31282,1
"592",31283,1
"593",31284,1
"594",31285,1
"595",31286,1
"596",31287,1
"597",31288,1
"598",31289,1
"599",31290,1
"600",31291,1
"601",31292,1
"602",31293,1
"603",31294,1
"604",31295,1
"605",31296,1
"606",31297,1
"607",31298,1
"608",31299,1
"609",31300,1
"610",31301,1
"611",31302,1
"612",31303,1
"613",31304,1
"614",31305,1
"615",31306,1
"616",31307,1
"617",31308,1
"618",31309,1
"619",31310,1
"620",31311,1
"621",31312,1
"622",31313,1
"623",31314,1
"624",31315,1
"625",31316,1
"626",31317,1
"627",31318,1
"628",31319,1
"629",31320,1
"630",31321,1
"631",31322,1
"632",31323,1
"633",31324,1
"634",31325,1
"635",31326,1
"636",31327,1
"637",31328,1
"638",31329,1
"639",31330,1
"640",31331,1
"641",31332,1
"642",31333,1
"643",31334,1
"644",31335,1
"645",31336,1
"646",31337,1
"647",31338,1
"648",31339,1
"649",31340,1
"650",31341,1
"651",31342,1
"652",31343,1
"653",31344,1
"654",31345,1
"655",31346,1
"656",31347,1
"657",31348,1
"658",31349,1
"659",31350,1
"660",31351,1
"661",31352,1
"662",31353,1
"663",31354,1
"664",31355,1
"665",31356,1
"666",31357,1
"667",31358,1
"668",31359,1
"669",31360,1
"670",31361,1
"671",31362,1
"672",31363,1
"673",31364,1
"674",31365,1
"675",31366,1
"676",31367,1
"677",31368,1
"678",31369,1
"679",31370,1
"680",31371,1
"681",31372,1
"682",31373,1
"683",31374,1
"684",31375,1
"685",31376,1
"686",31377,1
"687",31378,1
"688",31379,1
"689",31380,1
"690",31381,1
"691",31382,1
"692",31383,1
"693",31384,1
"694",31385,1
"695",31386,1
"696",31387,1
"697",31388,1
"698",31389,1
"699",31390,1
"700",31391,1
"701",31392,1
"702",31393,1
"703",31394,1
"704",31395,1
"705",31396,1
"706",31397,1
"707",31398,1
"708",31399,1
"709",31400,1
"710",31401,1
"711",31402,1
"712",31403,1
"713",31404,1
"714",31405,1
"715",31406,1
"716",31407,1
"717",31408,1
"718",31409,1
"719",31410,1
"720",31411,1
"721",31412,1
"722",31413,1
"723",31414,1
"724",31415,1
"725",31416,1
"726",31417,1
"727",31418,1
"728",31419,1
"729",31420,1
"730",31421,1
"731",31422,1
"732",31423,1
"733",31424,1
"734",31425,1
"735",31426,1
"736",31427,1
"737",31428,1
"738",31429,1
"739",31430,1
"740",31431,1
"741",31432,1
"742",31433,1
"743",31434,1
"744",31435,1
"745",31436,1
"746",31437,1
"747",31438,1
"748",31439,1
"749",31440,1
"750",31441,1
"751",31442,1
"752",31443,1
"753",31444,1
"754",31445,1
"755",31446,1
"756",31447,1
"757",31448,1
"758",31449,1
"759",31450,1
"760",31451,1
"761",31452,1
"762",31453,1
"763",31454,1
"764",31455,1
"765",31456,1
"766",31457,1
"767",31458,1
"768",31459,1
"769",31460,1
"770",31461,1
"771",31462,1
"772",31463,1
"773",31464,1
"774",31465,1
"775",31466,1
"776",31467,1
"777",31468,1
"778",31469,1
"779",31470,1
"780",31471,1
"781",31472,1
"782",31473,1
"783",31474,1
"784",31475,1
"785",31476,1
"786",31477,1
"787",31478,1
"788",31479,1
"789",31480,1
"790",31481,1
"791",31482,1
"792",31483,1
"793",31484,1
"794",31485,1
"795",31486,1
"796",31487,1
"797",31488,1
"798",31489,1
"799",31490,1
"800",31491,1
"801",31492,1
"802",31493,1
"803",31494,1
"804",31495,1
"805",31496,1
"806",31497,1
"807",31498,1
"808",31499,1
"809",31500,1
"810",31501,1
"811",31502,1
"812",31503,1
"813",31504,1
"814",31505,1
"815",31506,1
"816",31507,1
"817",31508,1
"818",31509,1
"819",31510,1
"820",31511,1
"821",31512,1
"822",31513,1
"823",31514,1
"824",31515,1
"825",31516,1
"826",31517,1
"827",31518,1
"828",31519,1
"829",31520,1
"830",31521,1
"831",31522,1
"832",31523,1
"833",31524,1
"834",31525,1
"835",31526,1
"836",31527,1
"837",31528,1
"838",31529,1
"839",31530,1
"840",31531,1
"841",31532,1
"842",31533,1
"843",31534,1
"844",31535,1
"845",31536,1
"846",31537,1
"847",31538,1
"848",31539,1
"849",31540,1
"850",31541,1
"851",31542,1
"852",31543,1
"853",31544,1
"854",31545,1
"855",31546,1
"856",31547,1
"857",31548,1
"858",31549,1
"859",31550,1
"860",31551,1
"861",31552,1
"862",31553,1
"863",31554,1
"864",31555,1
"865",31556,1
"866",31557,1
"867",31558,1
"868",31559,1
"869",31560,1
"870",31561,1
"871",31562,1
"872",31563,1
"873",31564,1
"874",31565,1
"875",31566,1
"876",31567,1
"877",31568,1
"878",31569,1
"879",31570,1
"880",31571,1
"881",31572,1
"882",31573,1
"883",31574,1
"884",31575,1
"885",31576,1
"886",31577,1
"887",31578,1
"888",31579,0.000000000000000222044604925031
"889",31580,1
"890",31581,1
"891",31582,1
"892",31583,1
"893",31584,1
"894",31585,1
"895",31586,1
"896",31587,1
"897",31588,1
"898",31589,1
"899",31590,1
"900",31591,1
"901",31592,1
"902",31593,1
"903",31594,1
"904",31595,1
"905",31596,1
"906",31597,1
"907",31598,1
"908",31599,1
"909",31600,1
"910",31601,1
"911",31602,1
"912",31603,1
"913",31604,1
"914",31605,1
"915",31606,1
"916",31607,1
"917",31608,1
"918",31609,1
"919",31610,1
"920",31611,1
"921",31612,1
"922",31613,1
"923",31614,1
"924",31615,1
"925",31616,1
"926",31617,1
"927",31618,1
"928",31619,1
"929",31620,1
"930",31621,1
"931",31622,1
"932",31623,1
"933",31624,1
"934",31625,1
"935",31626,1
"936",31627,1
"937",31628,1
"938",31629,1
"939",31630,1
"940",31631,1
"941",31632,1
"942",31633,1
"943",31634,1
"944",31635,1
"945",31636,1
"946",31637,1
"947",31638,1
"948",31639,1
"949",31640,1
"950",31641,1
"951",31642,1
"952",31643,1
"953",31644,1
"954",31645,1
"955",31646,1
"956",31647,1
"957",31648,1
"958",31649,1
"959",31650,1
"960",31651,1
"961",31652,1
"962",31653,1
"963",31654,1
"964",31655,1
"965",31656,1
"966",31657,1
"967",31658,1
"968",31659,1
"969",31660,1
"970",31661,1
"971",31662,1
"972",31663,1
"973",31664,1
"974",31665,1
"975",31666,1
"976",31667,1
"977",31668,1
"978",31669,1
"979",31670,1
"980",31671,1
"981",31672,1
"982",31673,1
"983",31674,1
"984",31675,1
"985",31676,1
"986",31677,1
"987",31678,1
"988",31679,1
"989",31680,1
"990",31681,1
"991",31682,1
"992",31683,1
"993",31684,1
"994",31685,1
"995",31686,1
"996",31687,1
"997",31688,1
"998",31689,1
"999",31690,1
"1000",31691,1
"1001",31692,1
"1002",31693,1
"1003",31694,1
"1004",31695,1
"1005",31696,1
"1006",31697,1
"1007",31698,1
"1008",31699,1
"1009",31700,1
"1010",31701,1
"1011",31702,1
"1012",31703,1
"1013",31704,1
"1014",31705,1
"1015",31706,1
"1016",31707,1
"1017",31708,1
"1018",31709,1
"1019",31710,1
"1020",31711,1
"1021",31712,1
"1022",31713,1
"1023",31714,1
"1024",31715,1
"1025",31716,1
"1026",31717,1
"1027",31718,1
"1028",31719,1
"1029",31720,1
"1030",31721,1
"1031",31722,1
"1032",31723,1
"1033",31724,1
"1034",31725,1
"1035",31726,1
"1036",31727,1
"1037",31728,1
"1038",31729,1
"1039",31730,1
"1040",31731,1
"1041",31732,1
"1042",31733,1
"1043",31734,1
"1044",31735,1
"1045",31736,1
"1046",31737,1
"1047",31738,1
"1048",31739,1
"1049",31740,1
"1050",31741,1
"1051",31742,1
"1052",31743,1
"1053",31744,1
"1054",31745,1
"1055",31746,1
"1056",31747,1
"1057",31748,1
"1058",31749,1
"1059",31750,1
"1060",31751,1
"1061",31752,1
"1062",31753,1
"1063",31754,1
"1064",31755,1
"1065",31756,1
"1066",31757,1
"1067",31758,1
"1068",31759,1
"1069",31760,1
"1070",31761,1
"1071",31762,1
"1072",31763,1
"1073",31764,1
"1074",31765,1
"1075",31766,1
"1076",31767,1
"1077",31768,1
"1078",31769,1
"1079",31770,1
"1080",31771,1
"1081",31772,1
"1082",31773,1
"1083",31774,0.000000000000000222044604925031
"1084",31775,1
"1085",31776,1
"1086",31777,1
"1087",31778,1
"1088",31779,1
"1089",31780,1
"1090",31781,1
"1091",31782,1
"1092",31783,1
"1093",31784,1
"1094",31785,1
"1095",31786,1
"1096",31787,1
"1097",31788,1
"1098",31789,1
"1099",31790,1
"1100",31791,1
"1101",31792,1
"1102",31793,1
"1103",31794,1
"1104",31795,1
"1105",31796,1
"1106",31797,1
"1107",31798,1
"1108",31799,1
"1109",31800,1
"1110",31801,1
"1111",31802,1
"1112",31803,1
"1113",31804,1
"1114",31805,1
"1115",31806,1
"1116",31807,1
"1117",31808,1
"1118",31809,1
"1119",31810,1
"1120",31811,1
"1121",31812,1
"1122",31813,1
"1123",31814,1
"1124",31815,1
"1125",31816,1
"1126",31817,1
"1127",31818,1
"1128",31819,1
"1129",31820,1
"1130",31821,1
"1131",31822,1
"1132",31823,1
"1133",31824,1
"1134",31825,1
"1135",31826,1
"1136",31827,1
"1137",31828,1
"1138",31829,1
"1139",31830,1
"1140",31831,1
"1141",31832,1
"1142",31833,1
"1143",31834,1
"1144",31835,1
"1145",31836,1
"1146",31837,1
"1147",31838,1
"1148",31839,1
"1149",31840,1
"1150",31841,1
"1151",31842,1
"1152",31843,1
"1153",31844,1
"1154",31845,1
"1155",31846,1
"1156",31847,1
"1157",31848,1
"1158",31849,1
"1159",31850,1
"1160",31851,1
"1161",31852,1
"1162",31853,1
"1163",31854,1
"1164",31855,1
"1165",31856,1
"1166",31857,1
"1167",31858,1
"1168",31859,1
"1169",31860,1
"1170",31861,1
"1171",31862,1
"1172",31863,1
"1173",31864,1
"1174",31865,1
"1175",31866,1
"1176",31867,1
"1177",31868,1
"1178",31869,1
"1179",31870,1
"1180",31871,1
"1181",31872,1
"1182",31873,1
"1183",31874,1
"1184",31875,1
"1185",31876,1
"1186",31877,1
"1187",31878,1
"1188",31879,1
"1189",31880,1
"1190",31881,1
"1191",31882,1
"1192",31883,1
"1193",31884,1
"1194",31885,1
"1195",31886,1
"1196",31887,1
"1197",31888,1
"1198",31889,1
"1199",31890,1
"1200",31891,1
"1201",31892,1
"1202",31893,1
"1203",31894,1
"1204",31895,1
"1205",31896,1
"1206",31897,1
"1207",31898,1
"1208",31899,1
"1209",31900,1
"1210",31901,1
"1211",31902,1
"1212",31903,1
"1213",31904,1
"1214",31905,1
"1215",31906,1
"1216",31907,1
"1217",31908,1
"1218",31909,1
"1219",31910,1
"1220",31911,1
"1221",31912,1
"1222",31913,1
"1223",31914,1
"1224",31915,1
"1225",31916,1
"1226",31917,1
"1227",31918,1
"1228",31919,1
"1229",31920,1
"1230",31921,1
"1231",31922,1
"1232",31923,1
"1233",31924,1
"1234",31925,1
"1235",31926,1
"1236",31927,1
"1237",31928,1
"1238",31929,1
"1239",31930,1
"1240",31931,1
"1241",31932,1
"1242",31933,1
"1243",31934,1
"1244",31935,1
"1245",31936,1
"1246",31937,1
"1247",31938,1
"1248",31939,1
"1249",31940,1
"1250",31941,1
"1251",31942,1
"1252",31943,1
"1253",31944,1
"1254",31945,1
"1255",31946,1
"1256",31947,1
"1257",31948,1
"1258",31949,1
"1259",31950,1
"1260",31951,1
"1261",31952,1
"1262",31953,1
"1263",31954,1
"1264",31955,1
"1265",31956,1
"1266",31957,1
"1267",31958,1
"1268",31959,1
"1269",31960,1
"1270",31961,1
"1271",31962,1
"1272",31963,1
"1273",31964,1
"1274",31965,1
"1275",31966,1
"1276",31967,1
"1277",31968,1
"1278",31969,1
"1279",31970,1
"1280",31971,1
"1281",31972,1
"1282",31973,1
"1283",31974,1
"1284",31975,1
"1285",31976,1
"1286",31977,1
"1287",31978,1
"1288",31979,1
"1289",31980,1
"1290",31981,1
"1291",31982,1
"1292",31983,1
"1293",31984,1
"1294",31985,1
"1295",31986,1
"1296",31987,1
"1297",31988,1
"1298",31989,1
"1299",31990,1
"1300",31991,1
"1301",31992,1
"1302",31993,1
"1303",31994,1
"1304",31995,1
"1305",31996,1
"1306",31997,1
"1307",31998,1
"1308",31999,1
"1309",32000,1
"1310",32001,1
"1311",32002,1
"1312",32003,1
"1313",32004,1
"1314",32005,1
"1315",32006,1
"1316",32007,1
"1317",32008,1
"1318",32009,1
"1319",32010,1
"1320",32011,1
"1321",32012,1
"1322",32013,1
"1323",32014,1
"1324",32015,1
"1325",32016,1
"1326",32017,1
"1327",32018,1
"1328",32019,1
"1329",32020,1
"1330",32021,1
"1331",32022,1
"1332",32023,1
"1333",32024,1
"1334",32025,1
"1335",32026,1
"1336",32027,1
"1337",32028,1
"1338",32029,1
"1339",32030,1
"1340",32031,1
"1341",32032,1
"1342",32033,1
"1343",32034,1
"1344",32035,1
"1345",32036,1
"1346",32037,1
"1347",32038,1
"1348",32039,1
"1349",32040,1
"1350",32041,1
"1351",32042,1
"1352",32043,1
"1353",32044,1
"1354",32045,1
"1355",32046,1
"1356",32047,1
"1357",32048,1
"1358",32049,1
"1359",32050,1
"1360",32051,1
"1361",32052,1
"1362",32053,1
"1363",32054,1
"1364",32055,1
"1365",32056,1
"1366",32057,1
"1367",32058,1
"1368",32059,1
"1369",32060,1
"1370",32061,1
"1371",32062,1
"1372",32063,1
"1373",32064,1
"1374",32065,1
"1375",32066,1
"1376",32067,1
"1377",32068,1
"1378",32069,1
"1379",32070,1
"1380",32071,1
"1381",32072,1
"1382",32073,1
"1383",32074,1
"1384",32075,1
"1385",32076,1
"1386",32077,1
"1387",32078,1
"1388",32079,1
"1389",32080,1
"1390",32081,1
"1391",32082,1
"1392",32083,1
"1393",32084,1
"1394",32085,1
"1395",32086,1
"1396",32087,1
"1397",32088,1
"1398",32089,1
"1399",32090,1
"1400",32091,1
"1401",32092,1
"1402",32093,1
"1403",32094,1
"1404",32095,1
"1405",32096,1
"1406",32097,1
"1407",32098,1
"1408",32099,1
"1409",32100,1
"1410",32101,1
"1411",32102,1
"1412",32103,1
"1413",32104,1
"1414",32105,1
"1415",32106,1
"1416",32107,1
"1417",32108,1
"1418",32109,1
"1419",32110,1
"1420",32111,1
"1421",32112,1
"1422",32113,1
"1423",32114,1
"1424",32115,1
"1425",32116,1
"1426",32117,1
"1427",32118,1
"1428",32119,1
"1429",32120,1
"1430",32121,1
"1431",32122,1
"1432",32123,1
"1433",32124,1
"1434",32125,1
"1435",32126,1
"1436",32127,1
"1437",32128,1
"1438",32129,1
"1439",32130,1
"1440",32131,1
"1441",32132,1
"1442",32133,1
"1443",32134,1
"1444",32135,1
"1445",32136,1
"1446",32137,1
"1447",32138,1
"1448",32139,1
"1449",32140,1
"1450",32141,1
"1451",32142,1
"1452",32143,1
"1453",32144,1
"1454",32145,1
"1455",32146,1
"1456",32147,1
"1457",32148,1
"1458",32149,1
"1459",32150,1
"1460",32151,1
"1461",32152,1
"1462",32153,1
"1463",32154,1
"1464",32155,1
"1465",32156,1
"1466",32157,1
"1467",32158,1
"1468",32159,1
"1469",32160,1
"1470",32161,1
"1471",32162,1
"1472",32163,1
"1473",32164,1
"1474",32165,1
"1475",32166,1
"1476",32167,1
"1477",32168,1
"1478",32169,1
"1479",32170,1
"1480",32171,1
"1481",32172,1
"1482",32173,1
"1483",32174,1
"1484",32175,1
"1485",32176,1
"1486",32177,1
"1487",32178,1
"1488",32179,1
"1489",32180,1
"1490",32181,1
"1491",32182,1
"1492",32183,1
"1493",32184,1
"1494",32185,1
"1495",32186,1
"1496",32187,1
"1497",32188,1
"1498",32189,1
"1499",32190,1
"1500",32191,1
"1501",32192,1
"1502",32193,1
"1503",32194,1
"1504",32195,1
"1505",32196,1
"1506",32197,1
"1507",32198,1
"1508",32199,1
"1509",32200,1
"1510",32201,1
"1511",32202,1
"1512",32203,1
"1513",32204,1
"1514",32205,1
"1515",32206,1
"1516",32207,1
"1517",32208,1
"1518",32209,1
"1519",32210,1
"1520",32211,1
"1521",32212,1
"1522",32213,1
"1523",32214,1
"1524",32215,1
"1525",32216,1
"1526",32217,1
"1527",32218,1
"1528",32219,1
"1529",32220,1
"1530",32221,1
"1531",32222,1
"1532",32223,1
"1533",32224,1
"1534",32225,1
"1535",32226,1
"1536",32227,1
"1537",32228,1
"1538",32229,1
"1539",32230,1
"1540",32231,1
"1541",32232,1
"1542",32233,1
"1543",32234,1
"1544",32235,1
"1545",32236,1
"1546",32237,1
"1547",32238,1
"1548",32239,1
"1549",32240,1
"1550",32241,1
"1551",32242,1
"1552",32243,1
"1553",32244,1
"1554",32245,1
"1555",32246,1
"1556",32247,1
"1557",32248,1
"1558",32249,1
"1559",32250,1
"1560",32251,1
"1561",32252,1
"1562",32253,1
"1563",32254,1
"1564",32255,1
"1565",32256,1
"1566",32257,1
"1567",32258,1
"1568",32259,1
"1569",32260,1
"1570",32261,0.000000000000000222044604925031
"1571",32262,1
"1572",32263,1
"1573",32264,1
"1574",32265,1
"1575",32266,1
"1576",32267,1
"1577",32268,1
"1578",32269,1
"1579",32270,1
"1580",32271,1
"1581",32272,1
"1582",32273,1
"1583",32274,1
"1584",32275,1
"1585",32276,1
"1586",32277,1
"1587",32278,1
"1588",32279,1
"1589",32280,1
"1590",32281,1
"1591",32282,1
"1592",32283,1
"1593",32284,1
"1594",32285,1
"1595",32286,1
"1596",32287,1
"1597",32288,1
"1598",32289,1
"1599",32290,1
"1600",32291,1
"1601",32292,1
"1602",32293,1
"1603",32294,1
"1604",32295,1
"1605",32296,1
"1606",32297,1
"1607",32298,1
"1608",32299,1
"1609",32300,1
"1610",32301,1
"1611",32302,1
"1612",32303,1
"1613",32304,1
"1614",32305,1
"1615",32306,1
"1616",32307,1
"1617",32308,1
"1618",32309,1
"1619",32310,1
"1620",32311,1
"1621",32312,1
"1622",32313,1
"1623",32314,1
"1624",32315,1
"1625",32316,1
"1626",32317,1
"1627",32318,1
"1628",32319,1
"1629",32320,1
"1630",32321,1
"1631",32322,1
"1632",32323,1
"1633",32324,1
"1634",32325,1
"1635",32326,1
"1636",32327,1
"1637",32328,1
"1638",32329,1
"1639",32330,1
"1640",32331,1
"1641",32332,1
"1642",32333,1
"1643",32334,1
"1644",32335,1
"1645",32336,1
"1646",32337,1
"1647",32338,1
"1648",32339,1
"1649",32340,1
"1650",32341,1
"1651",32342,1
"1652",32343,1
"1653",32344,1
"1654",32345,1
"1655",32346,1
"1656",32347,1
"1657",32348,1
"1658",32349,1
"1659",32350,1
"1660",32351,1
"1661",32352,1
"1662",32353,1
"1663",32354,1
"1664",32355,1
"1665",32356,1
"1666",32357,1
"1667",32358,1
"1668",32359,1
"1669",32360,1
"1670",32361,1
"1671",32362,1
"1672",32363,1
"1673",32364,1
"1674",32365,1
"1675",32366,1
"1676",32367,1
"1677",32368,1
"1678",32369,1
"1679",32370,1
"1680",32371,1
"1681",32372,1
"1682",32373,1
"1683",32374,1
"1684",32375,1
"1685",32376,1
"1686",32377,1
"1687",32378,1
"1688",32379,1
"1689",32380,1
"1690",32381,1
"1691",32382,1
"1692",32383,1
"1693",32384,1
"1694",32385,1
"1695",32386,1
"1696",32387,1
"1697",32388,1
"1698",32389,1
"1699",32390,1
"1700",32391,1
"1701",32392,1
"1702",32393,1
"1703",32394,1
"1704",32395,1
"1705",32396,1
"1706",32397,1
"1707",32398,1
"1708",32399,1
"1709",32400,1
"1710",32401,1
"1711",32402,1
"1712",32403,1
"1713",32404,1
"1714",32405,1
"1715",32406,1
"1716",32407,1
"1717",32408,1
"1718",32409,1
"1719",32410,1
"1720",32411,1
"1721",32412,1
"1722",32413,1
"1723",32414,1
"1724",32415,1
"1725",32416,1
"1726",32417,1
"1727",32418,1
"1728",32419,1
"1729",32420,1
"1730",32421,1
"1731",32422,1
"1732",32423,1
"1733",32424,1
"1734",32425,1
"1735",32426,1
"1736",32427,1
"1737",32428,1
"1738",32429,1
"1739",32430,1
"1740",32431,1
"1741",32432,1
"1742",32433,1
"1743",32434,1
"1744",32435,1
"1745",32436,1
"1746",32437,1
"1747",32438,1
"1748",32439,1
"1749",32440,1
"1750",32441,1
"1751",32442,1
"1752",32443,1
"1753",32444,1
"1754",32445,1
"1755",32446,1
"1756",32447,1
"1757",32448,1
"1758",32449,1
"1759",32450,1
"1760",32451,1
"1761",32452,1
"1762",32453,1
"1763",32454,1
"1764",32455,1
"1765",32456,1
"1766",32457,1
"1767",32458,1
"1768",32459,1
"1769",32460,1
"1770",32461,1
"1771",32462,1
"1772",32463,1
"1773",32464,1
"1774",32465,1
"1775",32466,1
"1776",32467,1
"1777",32468,1
"1778",32469,1
"1779",32470,1
"1780",32471,1
"1781",32472,1
"1782",32473,1
"1783",32474,1
"1784",32475,1
"1785",32476,1
"1786",32477,1
"1787",32478,1
"1788",32479,1
"1789",32480,1
"1790",32481,1
"1791",32482,1
"1792",32483,1
"1793",32484,1
"1794",32485,1
"1795",32486,1
"1796",32487,1
"1797",32488,1
"1798",32489,1
"1799",32490,1
"1800",32491,1
"1801",32492,1
"1802",32493,1
"1803",32494,1
"1804",32495,1
"1805",32496,1
"1806",32497,1
"1807",32498,1
"1808",32499,1
"1809",32500,1
"1810",32501,1
"1811",32502,1
"1812",32503,1
"1813",32504,1
"1814",32505,1
"1815",32506,1
"1816",32507,1
"1817",32508,1
"1818",32509,1
"1819",32510,1
"1820",32511,1
"1821",32512,1
"1822",32513,1
"1823",32514,1
"1824",32515,1
"1825",32516,1
"1826",32517,1
"1827",32518,1
"1828",32519,1
"1829",32520,1
"1830",32521,1
"1831",32522,1
"1832",32523,1
"1833",32524,1
"1834",32525,1
"1835",32526,1
"1836",32527,1
"1837",32528,1
"1838",32529,1
"1839",32530,1
"1840",32531,1
"1841",32532,1
"1842",32533,1
"1843",32534,1
"1844",32535,1
"1845",32536,1
"1846",32537,1
"1847",32538,1
"1848",32539,1
"1849",32540,1
"1850",32541,1
"1851",32542,1
"1852",32543,1
"1853",32544,1
"1854",32545,1
"1855",32546,1
"1856",32547,1
"1857",32548,1
"1858",32549,1
"1859",32550,1
"1860",32551,1
"1861",32552,1
"1862",32553,1
"1863",32554,1
"1864",32555,1
"1865",32556,1
"1866",32557,1
"1867",32558,1
"1868",32559,1
"1869",32560,1
"1870",32561,1
"1871",32562,1
"1872",32563,1
"1873",32564,1
"1874",32565,1
"1875",32566,1
"1876",32567,1
"1877",32568,1
"1878",32569,1
"1879",32570,1
"1880",32571,1
"1881",32572,1
"1882",32573,1
"1883",32574,1
"1884",32575,1
"1885",32576,1
"1886",32577,1
"1887",32578,1
"1888",32579,1
"1889",32580,1
"1890",32581,1
"1891",32582,1
"1892",32583,1
"1893",32584,1
"1894",32585,1
"1895",32586,1
"1896",32587,1
"1897",32588,1
"1898",32589,1
"1899",32590,1
"1900",32591,1
"1901",32592,1
"1902",32593,1
"1903",32594,1
"1904",32595,1
"1905",32596,1
"1906",32597,1
"1907",32598,1
"1908",32599,1
"1909",32600,1
"1910",32601,1
"1911",32602,1
"1912",32603,1
"1913",32604,1
"1914",32605,1
"1915",32606,1
"1916",32607,1
"1917",32608,1
"1918",32609,1
"1919",32610,1
"1920",32611,1
"1921",32612,1
"1922",32613,1
"1923",32614,1
"1924",32615,1
"1925",32616,1
"1926",32617,1
"1927",32618,1
"1928",32619,1
"1929",32620,1
"1930",32621,1
"1931",32622,1
"1932",32623,1
"1933",32624,1
"1934",32625,1
"1935",32626,1
"1936",32627,1
"1937",32628,1
"1938",32629,1
"1939",32630,1
"1940",32631,1
"1941",32632,1
"1942",32633,1
"1943",32634,1
"1944",32635,1
"1945",32636,1
"1946",32637,1
"1947",32638,1
"1948",32639,1
"1949",32640,1
"1950",32641,1
"1951",32642,1
"1952",32643,1
"1953",32644,1
"1954",32645,1
"1955",32646,1
"1956",32647,1
"1957",32648,1
"1958",32649,1
"1959",32650,1
"1960",32651,1
"1961",32652,1
"1962",32653,1
"1963",32654,1
"1964",32655,1
"1965",32656,1
"1966",32657,1
"1967",32658,1
"1968",32659,1
"1969",32660,1
"1970",32661,1
"1971",32662,1
"1972",32663,1
"1973",32664,1
"1974",32665,1
"1975",32666,1
"1976",32667,1
"1977",32668,1
"1978",32669,1
"1979",32670,1
"1980",32671,1
"1981",32672,1
"1982",32673,1
"1983",32674,1
"1984",32675,1
"1985",32676,1
"1986",32677,1
"1987",32678,1
"1988",32679,1
"1989",32680,1
"1990",32681,1
"1991",32682,1
"1992",32683,1
"1993",32684,1
"1994",32685,1
"1995",32686,1
"1996",32687,1
"1997",32688,1
"1998",32689,1
"1999",32690,1
"2000",32691,1
"2001",32692,1
"2002",32693,1
"2003",32694,1
"2004",32695,1
"2005",32696,1
"2006",32697,1
"2007",32698,1
"2008",32699,1
"2009",32700,1
"2010",32701,1
"2011",32702,1
"2012",32703,1
"2013",32704,1
"2014",32705,1
"2015",32706,1
"2016",32707,1
"2017",32708,1
"2018",32709,1
"2019",32710,1
"2020",32711,1
"2021",32712,1
"2022",32713,1
"2023",32714,1
"2024",32715,1
"2025",32716,1
"2026",32717,1
"2027",32718,1
"2028",32719,1
"2029",32720,1
"2030",32721,1
"2031",32722,1
"2032",32723,1
"2033",32724,1
"2034",32725,1
"2035",32726,1
"2036",32727,1
"2037",32728,1
"2038",32729,1
"2039",32730,1
"2040",32731,1
"2041",32732,1
"2042",32733,1
"2043",32734,1
"2044",32735,1
"2045",32736,1
"2046",32737,1
"2047",32738,1
"2048",32739,1
"2049",32740,1
"2050",32741,1
"2051",32742,1
"2052",32743,1
"2053",32744,1
"2054",32745,1
"2055",32746,1
"2056",32747,1
"2057",32748,1
"2058",32749,1
"2059",32750,1
"2060",32751,1
"2061",32752,1
"2062",32753,1
"2063",32754,1
"2064",32755,1
"2065",32756,1
"2066",32757,1
"2067",32758,1
"2068",32759,1
"2069",32760,1
"2070",32761,1
"2071",32762,1
"2072",32763,1
"2073",32764,1
"2074",32765,1
"2075",32766,1
"2076",32767,1
"2077",32768,1
"2078",32769,1
"2079",32770,1
"2080",32771,1
"2081",32772,1
"2082",32773,1
"2083",32774,1
"2084",32775,1
"2085",32776,1
"2086",32777,1
"2087",32778,1
"2088",32779,1
"2089",32780,1
"2090",32781,1
"2091",32782,1
"2092",32783,1
"2093",32784,1
"2094",32785,1
"2095",32786,1
"2096",32787,1
"2097",32788,1
"2098",32789,1
"2099",32790,1
"2100",32791,1
"2101",32792,1
"2102",32793,1
"2103",32794,1
"2104",32795,1
"2105",32796,1
"2106",32797,1
"2107",32798,1
"2108",32799,1
"2109",32800,1
"2110",32801,1
"2111",32802,1
"2112",32803,1
"2113",32804,1
"2114",32805,1
"2115",32806,1
"2116",32807,1
"2117",32808,1
"2118",32809,1
"2119",32810,1
"2120",32811,1
"2121",32812,1
"2122",32813,1
"2123",32814,1
"2124",32815,1
"2125",32816,1
"2126",32817,1
"2127",32818,1
"2128",32819,1
"2129",32820,1
"2130",32821,1
"2131",32822,1
"2132",32823,1
"2133",32824,1
"2134",32825,1
"2135",32826,1
"2136",32827,1
"2137",32828,1
"2138",32829,1
"2139",32830,1
"2140",32831,1
"2141",32832,1
"2142",32833,1
"2143",32834,1
"2144",32835,1
"2145",32836,1
"2146",32837,1
"2147",32838,1
"2148",32839,1
"2149",32840,1
"2150",32841,1
"2151",32842,1
"2152",32843,1
"2153",32844,1
"2154",32845,1
"2155",32846,1
"2156",32847,1
"2157",32848,1
"2158",32849,1
"2159",32850,1
"2160",32851,1
"2161",32852,1
"2162",32853,1
"2163",32854,1
"2164",32855,1
"2165",32856,1
"2166",32857,1
"2167",32858,1
"2168",32859,1
"2169",32860,1
"2170",32861,1
"2171",32862,1
"2172",32863,1
"2173",32864,1
"2174",32865,1
"2175",32866,1
"2176",32867,1
"2177",32868,1
"2178",32869,1
"2179",32870,1
"2180",32871,1
"2181",32872,1
"2182",32873,1
"2183",32874,1
"2184",32875,1
"2185",32876,1
"2186",32877,1
"2187",32878,1
"2188",32879,1
"2189",32880,1
"2190",32881,1
"2191",32882,1
"2192",32883,1
"2193",32884,1
"2194",32885,1
"2195",32886,1
"2196",32887,1
"2197",32888,1
"2198",32889,1
"2199",32890,1
"2200",32891,1
"2201",32892,1
"2202",32893,1
"2203",32894,1
"2204",32895,1
"2205",32896,1
"2206",32897,1
"2207",32898,1
"2208",32899,1
"2209",32900,1
"2210",32901,1
"2211",32902,1
"2212",32903,1
"2213",32904,1
"2214",32905,1
"2215",32906,1
"2216",32907,1
"2217",32908,1
"2218",32909,1
"2219",32910,1
"2220",32911,1
"2221",32912,1
"2222",32913,1
"2223",32914,1
"2224",32915,1
"2225",32916,1
"2226",32917,1
"2227",32918,1
"2228",32919,1
"2229",32920,1
"2230",32921,1
"2231",32922,1
"2232",32923,1
"2233",32924,1
"2234",32925,1
"2235",32926,1
"2236",32927,1
"2237",32928,1
"2238",32929,1
"2239",32930,1
"2240",32931,1
"2241",32932,1
"2242",32933,1
"2243",32934,1
"2244",32935,1
"2245",32936,1
"2246",32937,1
"2247",32938,1
"2248",32939,1
"2249",32940,1
"2250",32941,1
"2251",32942,1
"2252",32943,1
"2253",32944,1
"2254",32945,1
"2255",32946,1
"2256",32947,1
"2257",32948,1
"2258",32949,1
"2259",32950,1
"2260",32951,1
"2261",32952,1
"2262",32953,1
"2263",32954,1
"2264",32955,1
"2265",32956,1
"2266",32957,1
"2267",32958,1
"2268",32959,1
"2269",32960,1
"2270",32961,1
"2271",32962,1
"2272",32963,1
"2273",32964,1
"2274",32965,1
"2275",32966,1
"2276",32967,1
"2277",32968,1
"2278",32969,1
"2279",32970,1
"2280",32971,1
"2281",32972,1
"2282",32973,1
"2283",32974,1
"2284",32975,1
"2285",32976,1
"2286",32977,1
"2287",32978,1
"2288",32979,1
"2289",32980,1
"2290",32981,1
"2291",32982,1
"2292",32983,1
"2293",32984,1
"2294",32985,1
"2295",32986,1
"2296",32987,1
"2297",32988,1
"2298",32989,1
"2299",32990,1
"2300",32991,1
"2301",32992,1
"2302",32993,1
"2303",32994,1
"2304",32995,1
"2305",32996,1
"2306",32997,1
"2307",32998,1
"2308",32999,1
"2309",33000,1
"2310",33001,1
"2311",33002,1
"2312",33003,1
"2313",33004,1
"2314",33005,1
"2315",33006,1
"2316",33007,1
"2317",33008,1
"2318",33009,1
"2319",33010,1
"2320",33011,1
"2321",33012,1
"2322",33013,1
"2323",33014,1
"2324",33015,1
"2325",33016,1
"2326",33017,1
"2327",33018,1
"2328",33019,1
"2329",33020,1
"2330",33021,1
"2331",33022,1
"2332",33023,1
"2333",33024,1
"2334",33025,1
"2335",33026,1
"2336",33027,1
"2337",33028,1
"2338",33029,1
"2339",33030,1
"2340",33031,1
"2341",33032,1
"2342",33033,1
"2343",33034,1
"2344",33035,1
"2345",33036,1
"2346",33037,1
"2347",33038,1
"2348",33039,1
"2349",33040,1
"2350",33041,1
"2351",33042,1
"2352",33043,1
"2353",33044,1
"2354",33045,1
"2355",33046,1
"2356",33047,1
"2357",33048,1
"2358",33049,1
"2359",33050,1
"2360",33051,1
"2361",33052,1
"2362",33053,1
"2363",33054,1
"2364",33055,1
"2365",33056,1
"2366",33057,1
"2367",33058,1
"2368",33059,1
"2369",33060,1
"2370",33061,1
"2371",33062,1
"2372",33063,1
"2373",33064,1
"2374",33065,1
"2375",33066,1
"2376",33067,1
"2377",33068,1
"2378",33069,1
"2379",33070,1
"2380",33071,1
"2381",33072,1
"2382",33073,1
"2383",33074,1
"2384",33075,1
"2385",33076,1
"2386",33077,1
"2387",33078,1
"2388",33079,1
"2389",33080,1
"2390",33081,1
"2391",33082,1
"2392",33083,1
"2393",33084,1
"2394",33085,1
"2395",33086,1
"2396",33087,1
"2397",33088,1
"2398",33089,1
"2399",33090,1
"2400",33091,1
"2401",33092,1
"2402",33093,1
"2403",33094,1
"2404",33095,1
"2405",33096,1
"2406",33097,1
"2407",33098,1
"2408",33099,1
"2409",33100,1
"2410",33101,1
"2411",33102,1
"2412",33103,1
"2413",33104,1
"2414",33105,1
"2415",33106,1
"2416",33107,1
"2417",33108,1
"2418",33109,1
"2419",33110,1
"2420",33111,1
"2421",33112,1
"2422",33113,1
"2423",33114,1
"2424",33115,1
"2425",33116,1
"2426",33117,1
"2427",33118,1
"2428",33119,1
"2429",33120,1
"2430",33121,1
"2431",33122,1
"2432",33123,1
"2433",33124,1
"2434",33125,1
"2435",33126,1
"2436",33127,1
"2437",33128,1
"2438",33129,1
"2439",33130,1
"2440",33131,1
"2441",33132,1
"2442",33133,1
"2443",33134,1
"2444",33135,1
"2445",33136,1
"2446",33137,1
"2447",33138,1
"2448",33139,1
"2449",33140,1
"2450",33141,1
"2451",33142,1
"2452",33143,1
"2453",33144,1
"2454",33145,1
"2455",33146,1
"2456",33147,1
"2457",33148,1
"2458",33149,1
"2459",33150,1
"2460",33151,1
"2461",33152,1
"2462",33153,1
"2463",33154,1
"2464",33155,1
"2465",33156,1
"2466",33157,1
"2467",33158,1
"2468",33159,1
"2469",33160,1
"2470",33161,1
"2471",33162,1
"2472",33163,1
"2473",33164,1
"2474",33165,1
"2475",33166,1
"2476",33167,1
"2477",33168,1
"2478",33169,1
"2479",33170,1
"2480",33171,1
"2481",33172,1
"2482",33173,1
"2483",33174,1
"2484",33175,1
"2485",33176,1
"2486",33177,1
"2487",33178,1
"2488",33179,1
"2489",33180,1
"2490",33181,1
"2491",33182,1
"2492",33183,1
"2493",33184,1
"2494",33185,1
"2495",33186,1
"2496",33187,1
"2497",33188,1
"2498",33189,1
"2499",33190,1
"2500",33191,1
"2501",33192,1
"2502",33193,1
"2503",33194,1
"2504",33195,1
"2505",33196,1
"2506",33197,1
"2507",33198,1
"2508",33199,1
"2509",33200,1
"2510",33201,1
"2511",33202,1
"2512",33203,1
"2513",33204,1
"2514",33205,1
"2515",33206,1
"2516",33207,1
"2517",33208,1
"2518",33209,1
"2519",33210,1
"2520",33211,1
"2521",33212,1
"2522",33213,1
"2523",33214,1
"2524",33215,1
"2525",33216,1
"2526",33217,1
"2527",33218,1
"2528",33219,1
"2529",33220,1
"2530",33221,1
"2531",33222,1
"2532",33223,1
"2533",33224,1
"2534",33225,1
"2535",33226,1
"2536",33227,1
"2537",33228,1
"2538",33229,1
"2539",33230,1
"2540",33231,1
"2541",33232,1
"2542",33233,1
"2543",33234,1
"2544",33235,1
"2545",33236,1
"2546",33237,1
"2547",33238,1
"2548",33239,1
"2549",33240,1
"2550",33241,1
"2551",33242,1
"2552",33243,1
"2553",33244,1
"2554",33245,1
"2555",33246,1
"2556",33247,1
"2557",33248,1
"2558",33249,1
"2559",33250,1
"2560",33251,1
"2561",33252,1
"2562",33253,1
"2563",33254,1
"2564",33255,1
"2565",33256,1
"2566",33257,1
"2567",33258,1
"2568",33259,1
"2569",33260,1
"2570",33261,1
"2571",33262,1
"2572",33263,1
"2573",33264,1
"2574",33265,1
"2575",33266,1
"2576",33267,1
"2577",33268,1
"2578",33269,1
"2579",33270,1
"2580",33271,1
"2581",33272,1
"2582",33273,1
"2583",33274,1
"2584",33275,1
"2585",33276,1
"2586",33277,1
"2587",33278,1
"2588",33279,1
"2589",33280,1
"2590",33281,1
"2591",33282,1
"2592",33283,1
"2593",33284,1
"2594",33285,1
"2595",33286,1
"2596",33287,1
"2597",33288,1
"2598",33289,1
"2599",33290,1
"2600",33291,1
"2601",33292,1
"2602",33293,1
"2603",33294,1
"2604",33295,1
"2605",33296,1
"2606",33297,1
"2607",33298,1
"2608",33299,1
"2609",33300,1
"2610",33301,1
"2611",33302,1
"2612",33303,1
"2613",33304,1
"2614",33305,1
"2615",33306,1
"2616",33307,1
"2617",33308,1
"2618",33309,1
"2619",33310,1
"2620",33311,1
"2621",33312,1
"2622",33313,1
"2623",33314,1
"2624",33315,1
"2625",33316,1
"2626",33317,1
"2627",33318,1
"2628",33319,1
"2629",33320,1
"2630",33321,1
"2631",33322,1
"2632",33323,1
"2633",33324,1
"2634",33325,1
"2635",33326,1
"2636",33327,1
"2637",33328,1
"2638",33329,1
"2639",33330,1
"2640",33331,1
"2641",33332,1
"2642",33333,1
"2643",33334,1
"2644",33335,1
"2645",33336,1
"2646",33337,1
"2647",33338,1
"2648",33339,1
"2649",33340,1
"2650",33341,1
"2651",33342,1
"2652",33343,1
"2653",33344,1
"2654",33345,1
"2655",33346,1
"2656",33347,1
"2657",33348,1
"2658",33349,1
"2659",33350,1
"2660",33351,1
"2661",33352,1
"2662",33353,1
"2663",33354,1
"2664",33355,1
"2665",33356,1
"2666",33357,1
"2667",33358,1
"2668",33359,1
"2669",33360,1
"2670",33361,1
"2671",33362,1
"2672",33363,1
"2673",33364,1
"2674",33365,1
"2675",33366,1
"2676",33367,1
"2677",33368,1
"2678",33369,1
"2679",33370,1
"2680",33371,1
"2681",33372,1
"2682",33373,1
"2683",33374,1
"2684",33375,1
"2685",33376,1
"2686",33377,1
"2687",33378,1
"2688",33379,1
"2689",33380,1
"2690",33381,1
"2691",33382,1
"2692",33383,1
"2693",33384,1
"2694",33385,1
"2695",33386,1
"2696",33387,1
"2697",33388,1
"2698",33389,1
"2699",33390,1
"2700",33391,1
"2701",33392,1
"2702",33393,1
"2703",33394,1
"2704",33395,1
"2705",33396,1
"2706",33397,1
"2707",33398,1
"2708",33399,1
"2709",33400,1
"2710",33401,1
"2711",33402,1
"2712",33403,1
"2713",33404,1
"2714",33405,1
"2715",33406,1
"2716",33407,1
"2717",33408,1
"2718",33409,1
"2719",33410,1
"2720",33411,1
"2721",33412,1
"2722",33413,1
"2723",33414,1
"2724",33415,1
"2725",33416,1
"2726",33417,1
"2727",33418,1
"2728",33419,1
"2729",33420,1
"2730",33421,1
"2731",33422,1
"2732",33423,1
"2733",33424,1
"2734",33425,1
"2735",33426,1
"2736",33427,1
"2737",33428,1
"2738",33429,1
"2739",33430,1
"2740",33431,1
"2741",33432,1
"2742",33433,1
"2743",33434,1
"2744",33435,1
"2745",33436,1
"2746",33437,1
"2747",33438,1
"2748",33439,1
"2749",33440,1
"2750",33441,1
"2751",33442,1
"2752",33443,1
"2753",33444,1
"2754",33445,1
"2755",33446,1
"2756",33447,1
"2757",33448,1
"2758",33449,1
"2759",33450,1
"2760",33451,1
"2761",33452,1
"2762",33453,1
"2763",33454,1
"2764",33455,1
"2765",33456,1
"2766",33457,1
"2767",33458,1
"2768",33459,1
"2769",33460,1
"2770",33461,1
"2771",33462,1
"2772",33463,1
"2773",33464,1
"2774",33465,1
"2775",33466,1
"2776",33467,1
"2777",33468,1
"2778",33469,1
"2779",33470,1
"2780",33471,1
"2781",33472,1
"2782",33473,1
"2783",33474,1
"2784",33475,1
"2785",33476,1
"2786",33477,1
"2787",33478,1
"2788",33479,1
"2789",33480,1
"2790",33481,1
"2791",33482,1
"2792",33483,1
"2793",33484,1
"2794",33485,1
"2795",33486,1
"2796",33487,1
"2797",33488,1
"2798",33489,1
"2799",33490,1
"2800",33491,1
"2801",33492,1
"2802",33493,1
"2803",33494,1
"2804",33495,1
"2805",33496,1
"2806",33497,1
"2807",33498,1
"2808",33499,1
"2809",33500,1
"2810",33501,1
"2811",33502,1
"2812",33503,1
"2813",33504,1
"2814",33505,1
"2815",33506,1
"2816",33507,1
"2817",33508,1
"2818",33509,1
"2819",33510,1
"2820",33511,1
"2821",33512,1
"2822",33513,1
"2823",33514,1
"2824",33515,1
"2825",33516,1
"2826",33517,1
"2827",33518,1
"2828",33519,1
"2829",33520,1
"2830",33521,1
"2831",33522,1
"2832",33523,1
"2833",33524,1
"2834",33525,1
"2835",33526,1
"2836",33527,1
"2837",33528,1
"2838",33529,1
"2839",33530,1
"2840",33531,1
"2841",33532,1
"2842",33533,1
"2843",33534,1
"2844",33535,1
"2845",33536,1
"2846",33537,1
"2847",33538,1
"2848",33539,1
"2849",33540,1
"2850",33541,1
"2851",33542,1
"2852",33543,1
"2853",33544,1
"2854",33545,1
"2855",33546,1
"2856",33547,1
"2857",33548,1
"2858",33549,1
"2859",33550,1
"2860",33551,1
"2861",33552,1
"2862",33553,1
"2863",33554,1
"2864",33555,1
"2865",33556,1
"2866",33557,1
"2867",33558,1
"2868",33559,1
"2869",33560,1
"2870",33561,1
"2871",33562,1
"2872",33563,1
"2873",33564,1
"2874",33565,1
"2875",33566,1
"2876",33567,1
"2877",33568,1
"2878",33569,1
"2879",33570,1
"2880",33571,1
"2881",33572,1
"2882",33573,1
"2883",33574,1
"2884",33575,1
"2885",33576,1
"2886",33577,1
"2887",33578,1
"2888",33579,1
"2889",33580,1
"2890",33581,1
"2891",33582,1
"2892",33583,1
"2893",33584,1
"2894",33585,1
"2895",33586,1
"2896",33587,1
"2897",33588,1
"2898",33589,1
"2899",33590,1
"2900",33591,1
"2901",33592,1
"2902",33593,1
"2903",33594,1
"2904",33595,1
"2905",33596,1
"2906",33597,1
"2907",33598,1
"2908",33599,1
"2909",33600,1
"2910",33601,1
"2911",33602,1
"2912",33603,1
"2913",33604,1
"2914",33605,1
"2915",33606,1
"2916",33607,1
"2917",33608,1
"2918",33609,1
"2919",33610,1
"2920",33611,1
"2921",33612,1
"2922",33613,1
"2923",33614,1
"2924",33615,1
"2925",33616,1
"2926",33617,1
"2927",33618,1
"2928",33619,1
"2929",33620,1
"2930",33621,1
"2931",33622,1
"2932",33623,1
"2933",33624,1
"2934",33625,1
"2935",33626,1
"2936",33627,1
"2937",33628,1
"2938",33629,1
"2939",33630,1
"2940",33631,1
"2941",33632,1
"2942",33633,1
"2943",33634,1
"2944",33635,1
"2945",33636,1
"2946",33637,1
"2947",33638,1
"2948",33639,1
"2949",33640,1
"2950",33641,1
"2951",33642,1
"2952",33643,1
"2953",33644,1
"2954",33645,1
"2955",33646,1
"2956",33647,1
"2957",33648,1
"2958",33649,1
"2959",33650,1
"2960",33651,1
"2961",33652,1
"2962",33653,1
"2963",33654,1
"2964",33655,1
"2965",33656,1
"2966",33657,1
"2967",33658,1
"2968",33659,1
"2969",33660,1
"2970",33661,1
"2971",33662,1
"2972",33663,1
"2973",33664,1
"2974",33665,1
"2975",33666,1
"2976",33667,1
"2977",33668,1
"2978",33669,1
"2979",33670,1
"2980",33671,1
"2981",33672,1
"2982",33673,1
"2983",33674,1
"2984",33675,1
"2985",33676,1
"2986",33677,1
"2987",33678,1
"2988",33679,1
"2989",33680,1
"2990",33681,1
"2991",33682,1
"2992",33683,1
"2993",33684,1
"2994",33685,1
"2995",33686,1
"2996",33687,1
"2997",33688,1
"2998",33689,1
"2999",33690,1
"3000",33691,1
"3001",33692,1
"3002",33693,1
"3003",33694,1
"3004",33695,1
"3005",33696,1
"3006",33697,1
"3007",33698,1
"3008",33699,1
"3009",33700,1
"3010",33701,1
"3011",33702,1
"3012",33703,1
"3013",33704,1
"3014",33705,1
"3015",33706,1
"3016",33707,1
"3017",33708,1
"3018",33709,1
"3019",33710,1
"3020",33711,1
"3021",33712,1
"3022",33713,1
"3023",33714,1
"3024",33715,1
"3025",33716,1
"3026",33717,1
"3027",33718,1
"3028",33719,1
"3029",33720,1
"3030",33721,1
"3031",33722,1
"3032",33723,1
"3033",33724,1
"3034",33725,1
"3035",33726,1
"3036",33727,1
"3037",33728,1
"3038",33729,1
"3039",33730,1
"3040",33731,1
"3041",33732,1
"3042",33733,1
"3043",33734,1
"3044",33735,1
"3045",33736,1
"3046",33737,1
"3047",33738,1
"3048",33739,1
"3049",33740,1
"3050",33741,1
"3051",33742,1
"3052",33743,1
"3053",33744,1
"3054",33745,1
"3055",33746,1
"3056",33747,1
"3057",33748,1
"3058",33749,1
"3059",33750,1
"3060",33751,1
"3061",33752,1
"3062",33753,1
"3063",33754,1
"3064",33755,1
"3065",33756,1
"3066",33757,1
"3067",33758,1
"3068",33759,1
"3069",33760,1
"3070",33761,1
"3071",33762,1
"3072",33763,1
"3073",33764,1
"3074",33765,1
"3075",33766,1
"3076",33767,1
"3077",33768,1
"3078",33769,1
"3079",33770,1
"3080",33771,1
"3081",33772,1
"3082",33773,1
"3083",33774,1
"3084",33775,1
"3085",33776,1
"3086",33777,1
"3087",33778,1
"3088",33779,1
"3089",33780,1
"3090",33781,1
"3091",33782,1
"3092",33783,1
"3093",33784,1
"3094",33785,1
"3095",33786,1
"3096",33787,1
"3097",33788,1
"3098",33789,1
"3099",33790,1
"3100",33791,1
"3101",33792,1
"3102",33793,1
"3103",33794,1
"3104",33795,1
"3105",33796,1
"3106",33797,1
"3107",33798,1
"3108",33799,1
"3109",33800,1
"3110",33801,1
"3111",33802,1
"3112",33803,1
"3113",33804,1
"3114",33805,1
"3115",33806,1
"3116",33807,1
"3117",33808,1
"3118",33809,1
"3119",33810,1
"3120",33811,1
"3121",33812,1
"3122",33813,1
"3123",33814,1
"3124",33815,1
"3125",33816,1
"3126",33817,1
"3127",33818,1
"3128",33819,1
"3129",33820,1
"3130",33821,1
"3131",33822,1
"3132",33823,1
"3133",33824,1
"3134",33825,1
"3135",33826,1
"3136",33827,1
"3137",33828,1
"3138",33829,1
"3139",33830,1
"3140",33831,1
"3141",33832,1
"3142",33833,1
"3143",33834,1
"3144",33835,1
"3145",33836,1
"3146",33837,1
"3147",33838,1
"3148",33839,1
"3149",33840,1
"3150",33841,1
"3151",33842,1
"3152",33843,1
"3153",33844,1
"3154",33845,1
"3155",33846,1
"3156",33847,1
"3157",33848,1
"3158",33849,1
"3159",33850,1
"3160",33851,1
"3161",33852,1
"3162",33853,1
"3163",33854,1
"3164",33855,1
"3165",33856,1
"3166",33857,1
"3167",33858,1
"3168",33859,1
"3169",33860,1
"3170",33861,1
"3171",33862,1
"3172",33863,1
"3173",33864,1
"3174",33865,1
"3175",33866,1
"3176",33867,1
"3177",33868,1
"3178",33869,1
"3179",33870,1
"3180",33871,1
"3181",33872,1
"3182",33873,1
"3183",33874,1
"3184",33875,1
"3185",33876,1
"3186",33877,1
"3187",33878,1
"3188",33879,1
"3189",33880,1
"3190",33881,1
"3191",33882,1
"3192",33883,1
"3193",33884,1
"3194",33885,1
"3195",33886,1
"3196",33887,1
"3197",33888,1
"3198",33889,1
"3199",33890,1
"3200",33891,1
"3201",33892,1
"3202",33893,1
"3203",33894,1
"3204",33895,1
"3205",33896,1
"3206",33897,1
"3207",33898,1
"3208",33899,1
"3209",33900,1
"3210",33901,1
"3211",33902,1
"3212",33903,1
"3213",33904,1
"3214",33905,1
"3215",33906,1
"3216",33907,1
"3217",33908,1
"3218",33909,1
"3219",33910,1
"3220",33911,1
"3221",33912,1
"3222",33913,1
"3223",33914,1
"3224",33915,1
"3225",33916,1
"3226",33917,1
"3227",33918,1
"3228",33919,1
"3229",33920,1
"3230",33921,1
"3231",33922,1
"3232",33923,1
"3233",33924,1
"3234",33925,1
"3235",33926,1
"3236",33927,1
"3237",33928,1
"3238",33929,1
"3239",33930,1
"3240",33931,1
"3241",33932,1
"3242",33933,1
"3243",33934,1
"3244",33935,1
"3245",33936,1
"3246",33937,1
"3247",33938,1
"3248",33939,1
"3249",33940,1
"3250",33941,1
"3251",33942,1
"3252",33943,1
"3253",33944,1
"3254",33945,1
"3255",33946,1
"3256",33947,1
"3257",33948,1
"3258",33949,1
"3259",33950,1
"3260",33951,1
"3261",33952,1
"3262",33953,1
"3263",33954,1
"3264",33955,1
"3265",33956,1
"3266",33957,1
"3267",33958,1
"3268",33959,1
"3269",33960,1
"3270",33961,1
"3271",33962,1
"3272",33963,1
"3273",33964,1
"3274",33965,1
"3275",33966,1
"3276",33967,1
"3277",33968,1
"3278",33969,1
"3279",33970,1
"3280",33971,1
"3281",33972,1
"3282",33973,1
"3283",33974,1
"3284",33975,1
"3285",33976,1
"3286",33977,1
"3287",33978,1
"3288",33979,1
"3289",33980,1
"3290",33981,1
"3291",33982,1
"3292",33983,1
"3293",33984,1
"3294",33985,1
"3295",33986,1
"3296",33987,1
"3297",33988,1
"3298",33989,1
"3299",33990,1
"3300",33991,1
"3301",33992,1
"3302",33993,1
"3303",33994,1
"3304",33995,1
"3305",33996,1
"3306",33997,1
"3307",33998,1
"3308",33999,1
"3309",34000,1
"3310",34001,1
"3311",34002,1
"3312",34003,1
"3313",34004,1
"3314",34005,1
"3315",34006,1
"3316",34007,1
"3317",34008,1
"3318",34009,1
"3319",34010,1
"3320",34011,1
"3321",34012,1
"3322",34013,1
"3323",34014,1
"3324",34015,1
"3325",34016,1
"3326",34017,1
"3327",34018,1
"3328",34019,1
"3329",34020,1
"3330",34021,1
"3331",34022,1
"3332",34023,1
"3333",34024,1
"3334",34025,1
"3335",34026,1
"3336",34027,1
"3337",34028,1
"3338",34029,1
"3339",34030,1
"3340",34031,1
"3341",34032,1
"3342",34033,1
"3343",34034,1
"3344",34035,1
"3345",34036,1
"3346",34037,1
"3347",34038,1
"3348",34039,1
"3349",34040,1
"3350",34041,1
"3351",34042,1
"3352",34043,1
"3353",34044,1
"3354",34045,1
"3355",34046,1
"3356",34047,1
"3357",34048,1
"3358",34049,1
"3359",34050,1
"3360",34051,1
"3361",34052,1
"3362",34053,1
"3363",34054,1
"3364",34055,1
"3365",34056,1
"3366",34057,0.000000000000000222044604925031
"3367",34058,1
"3368",34059,1
"3369",34060,1
"3370",34061,1
"3371",34062,1
"3372",34063,1
"3373",34064,1
"3374",34065,1
"3375",34066,1
"3376",34067,1
"3377",34068,1
"3378",34069,1
"3379",34070,1
"3380",34071,1
"3381",34072,1
"3382",34073,1
"3383",34074,1
"3384",34075,1
"3385",34076,1
"3386",34077,1
"3387",34078,1
"3388",34079,1
"3389",34080,1
"3390",34081,1
"3391",34082,1
"3392",34083,1
"3393",34084,1
"3394",34085,1
"3395",34086,1
"3396",34087,1
"3397",34088,1
"3398",34089,1
"3399",34090,1
"3400",34091,1
"3401",34092,1
"3402",34093,1
"3403",34094,1
"3404",34095,1
"3405",34096,1
"3406",34097,1
"3407",34098,1
"3408",34099,1
"3409",34100,1
"3410",34101,1
"3411",34102,1
"3412",34103,1
"3413",34104,1
"3414",34105,1
"3415",34106,1
"3416",34107,1
"3417",34108,1
"3418",34109,1
"3419",34110,1
"3420",34111,1
"3421",34112,1
"3422",34113,1
"3423",34114,1
"3424",34115,1
"3425",34116,1
"3426",34117,1
"3427",34118,1
"3428",34119,1
"3429",34120,1
"3430",34121,1
"3431",34122,1
"3432",34123,1
"3433",34124,1
"3434",34125,1
"3435",34126,1
"3436",34127,1
"3437",34128,1
"3438",34129,1
"3439",34130,1
"3440",34131,1
"3441",34132,1
"3442",34133,1
"3443",34134,1
"3444",34135,1
"3445",34136,1
"3446",34137,1
"3447",34138,1
"3448",34139,1
"3449",34140,1
"3450",34141,1
"3451",34142,1
"3452",34143,1
"3453",34144,1
"3454",34145,1
"3455",34146,1
"3456",34147,1
"3457",34148,1
"3458",34149,1
"3459",34150,1
"3460",34151,1
"3461",34152,1
"3462",34153,1
"3463",34154,1
"3464",34155,1
"3465",34156,1
"3466",34157,1
"3467",34158,1
"3468",34159,1
"3469",34160,1
"3470",34161,1
"3471",34162,1
"3472",34163,1
"3473",34164,1
"3474",34165,1
"3475",34166,1
"3476",34167,1
"3477",34168,1
"3478",34169,1
"3479",34170,1
"3480",34171,1
"3481",34172,1
"3482",34173,1
"3483",34174,1
"3484",34175,1
"3485",34176,1
"3486",34177,1
"3487",34178,1
"3488",34179,1
"3489",34180,1
"3490",34181,1
"3491",34182,1
"3492",34183,1
"3493",34184,1
"3494",34185,1
"3495",34186,1
"3496",34187,1
"3497",34188,1
"3498",34189,1
"3499",34190,1
"3500",34191,1
"3501",34192,1
"3502",34193,1
"3503",34194,1
"3504",34195,1
"3505",34196,1
"3506",34197,1
"3507",34198,1
"3508",34199,1
"3509",34200,1
"3510",34201,1
"3511",34202,1
"3512",34203,1
"3513",34204,1
"3514",34205,1
"3515",34206,1
"3516",34207,1
"3517",34208,1
"3518",34209,1
"3519",34210,1
"3520",34211,1
"3521",34212,1
"3522",34213,1
"3523",34214,1
"3524",34215,1
"3525",34216,1
"3526",34217,1
"3527",34218,1
"3528",34219,1
"3529",34220,1
"3530",34221,1
"3531",34222,1
"3532",34223,1
"3533",34224,1
"3534",34225,1
"3535",34226,1
"3536",34227,1
"3537",34228,1
"3538",34229,1
"3539",34230,1
"3540",34231,1
"3541",34232,1
"3542",34233,1
"3543",34234,1
"3544",34235,1
"3545",34236,1
"3546",34237,1
"3547",34238,1
"3548",34239,1
"3549",34240,1
"3550",34241,1
"3551",34242,1
"3552",34243,1
"3553",34244,1
"3554",34245,1
"3555",34246,1
"3556",34247,1
"3557",34248,1
"3558",34249,1
"3559",34250,1
"3560",34251,1
"3561",34252,1
"3562",34253,1
"3563",34254,1
"3564",34255,1
"3565",34256,1
"3566",34257,1
"3567",34258,1
"3568",34259,1
"3569",34260,1
"3570",34261,1
"3571",34262,1
"3572",34263,1
"3573",34264,1
"3574",34265,1
"3575",34266,1
"3576",34267,1
"3577",34268,1
"3578",34269,1
"3579",34270,1
"3580",34271,1
"3581",34272,1
"3582",34273,1
"3583",34274,1
"3584",34275,1
"3585",34276,1
"3586",34277,1
"3587",34278,1
"3588",34279,1
"3589",34280,1
"3590",34281,1
"3591",34282,1
"3592",34283,1
"3593",34284,1
"3594",34285,1
"3595",34286,1
"3596",34287,1
"3597",34288,1
"3598",34289,1
"3599",34290,1
"3600",34291,1
"3601",34292,1
"3602",34293,1
"3603",34294,1
"3604",34295,1
"3605",34296,1
"3606",34297,1
"3607",34298,1
"3608",34299,1
"3609",34300,1
"3610",34301,1
"3611",34302,1
"3612",34303,1
"3613",34304,1
"3614",34305,1
"3615",34306,1
"3616",34307,1
"3617",34308,1
"3618",34309,1
"3619",34310,1
"3620",34311,1
"3621",34312,1
"3622",34313,1
"3623",34314,1
"3624",34315,1
"3625",34316,1
"3626",34317,1
"3627",34318,1
"3628",34319,1
"3629",34320,1
"3630",34321,1
"3631",34322,1
"3632",34323,1
"3633",34324,1
"3634",34325,1
"3635",34326,1
"3636",34327,1
"3637",34328,1
"3638",34329,1
"3639",34330,1
"3640",34331,1
"3641",34332,1
"3642",34333,1
"3643",34334,1
"3644",34335,1
"3645",34336,1
"3646",34337,1
"3647",34338,1
"3648",34339,1
"3649",34340,1
"3650",34341,1
"3651",34342,1
"3652",34343,1
"3653",34344,1
"3654",34345,1
"3655",34346,1
"3656",34347,1
"3657",34348,1
"3658",34349,1
"3659",34350,1
"3660",34351,1
"3661",34352,1
"3662",34353,1
"3663",34354,1
"3664",34355,1
"3665",34356,1
"3666",34357,1
"3667",34358,1
"3668",34359,1
"3669",34360,1
"3670",34361,1
"3671",34362,1
"3672",34363,1
"3673",34364,1
"3674",34365,1
"3675",34366,1
"3676",34367,1
"3677",34368,1
"3678",34369,1
"3679",34370,1
"3680",34371,1
"3681",34372,1
"3682",34373,1
"3683",34374,1
"3684",34375,1
"3685",34376,1
"3686",34377,1
"3687",34378,1
"3688",34379,1
"3689",34380,1
"3690",34381,1
"3691",34382,1
"3692",34383,1
"3693",34384,1
"3694",34385,1
"3695",34386,1
"3696",34387,1
"3697",34388,1
"3698",34389,1
"3699",34390,1
"3700",34391,1
"3701",34392,1
"3702",34393,1
"3703",34394,1
"3704",34395,1
"3705",34396,1
"3706",34397,1
"3707",34398,1
"3708",34399,1
"3709",34400,1
"3710",34401,1
"3711",34402,1
"3712",34403,1
"3713",34404,1
"3714",34405,1
"3715",34406,1
"3716",34407,1
"3717",34408,1
"3718",34409,1
"3719",34410,1
"3720",34411,1
"3721",34412,1
"3722",34413,1
"3723",34414,1
"3724",34415,1
"3725",34416,1
"3726",34417,1
"3727",34418,1
"3728",34419,1
"3729",34420,1
"3730",34421,1
"3731",34422,1
"3732",34423,1
"3733",34424,1
"3734",34425,1
"3735",34426,1
"3736",34427,1
"3737",34428,1
"3738",34429,1
"3739",34430,1
"3740",34431,1
"3741",34432,1
"3742",34433,1
"3743",34434,1
"3744",34435,1
"3745",34436,1
"3746",34437,1
"3747",34438,1
"3748",34439,1
"3749",34440,1
"3750",34441,1
"3751",34442,1
"3752",34443,1
"3753",34444,1
"3754",34445,1
"3755",34446,1
"3756",34447,1
"3757",34448,1
"3758",34449,1
"3759",34450,1
"3760",34451,1
"3761",34452,1
"3762",34453,1
"3763",34454,1
"3764",34455,1
"3765",34456,1
"3766",34457,1
"3767",34458,1
"3768",34459,1
"3769",34460,1
"3770",34461,1
"3771",34462,1
"3772",34463,1
"3773",34464,1
"3774",34465,1
"3775",34466,1
"3776",34467,1
"3777",34468,1
"3778",34469,1
"3779",34470,1
"3780",34471,1
"3781",34472,1
"3782",34473,1
"3783",34474,1
"3784",34475,1
"3785",34476,1
"3786",34477,1
"3787",34478,1
"3788",34479,1
"3789",34480,1
"3790",34481,1
"3791",34482,1
"3792",34483,1
"3793",34484,1
"3794",34485,1
"3795",34486,1
"3796",34487,1
"3797",34488,1
"3798",34489,1
"3799",34490,1
"3800",34491,1
"3801",34492,1
"3802",34493,1
"3803",34494,1
"3804",34495,1
"3805",34496,1
"3806",34497,1
"3807",34498,1
"3808",34499,1
"3809",34500,1
"3810",34501,1
"3811",34502,1
"3812",34503,1
"3813",34504,1
"3814",34505,1
"3815",34506,1
"3816",34507,1
"3817",34508,1
"3818",34509,1
"3819",34510,1
"3820",34511,1
"3821",34512,1
"3822",34513,1
"3823",34514,1
"3824",34515,1
"3825",34516,1
"3826",34517,1
"3827",34518,1
"3828",34519,1
"3829",34520,1
"3830",34521,1
"3831",34522,1
"3832",34523,1
"3833",34524,1
"3834",34525,1
"3835",34526,1
"3836",34527,1
"3837",34528,1
"3838",34529,1
"3839",34530,1
"3840",34531,1
"3841",34532,1
"3842",34533,1
"3843",34534,1
"3844",34535,1
"3845",34536,1
"3846",34537,1
"3847",34538,1
"3848",34539,1
"3849",34540,1
"3850",34541,1
"3851",34542,1
"3852",34543,1
"3853",34544,1
"3854",34545,1
"3855",34546,1
"3856",34547,1
"3857",34548,1
"3858",34549,1
"3859",34550,1
"3860",34551,1
"3861",34552,1
"3862",34553,1
"3863",34554,1
"3864",34555,1
"3865",34556,1
"3866",34557,1
"3867",34558,1
"3868",34559,1
"3869",34560,1
"3870",34561,1
"3871",34562,1
"3872",34563,1
"3873",34564,1
"3874",34565,1
"3875",34566,1
"3876",34567,1
"3877",34568,1
"3878",34569,1
"3879",34570,1
"3880",34571,1
"3881",34572,1
"3882",34573,1
"3883",34574,1
"3884",34575,1
"3885",34576,1
"3886",34577,1
"3887",34578,1
"3888",34579,1
"3889",34580,1
"3890",34581,1
"3891",34582,1
"3892",34583,1
"3893",34584,1
"3894",34585,1
"3895",34586,1
"3896",34587,1
"3897",34588,1
"3898",34589,1
"3899",34590,1
"3900",34591,1
"3901",34592,1
"3902",34593,1
"3903",34594,1
"3904",34595,1
"3905",34596,1
"3906",34597,1
"3907",34598,1
"3908",34599,1
"3909",34600,1
"3910",34601,1
"3911",34602,1
"3912",34603,1
"3913",34604,1
"3914",34605,1
"3915",34606,1
"3916",34607,1
"3917",34608,1
"3918",34609,1
"3919",34610,1
"3920",34611,1
"3921",34612,1
"3922",34613,1
"3923",34614,1
"3924",34615,1
"3925",34616,1
"3926",34617,1
"3927",34618,1
"3928",34619,1
"3929",34620,1
"3930",34621,1
"3931",34622,1
"3932",34623,1
"3933",34624,1
"3934",34625,1
"3935",34626,1
"3936",34627,1
"3937",34628,1
"3938",34629,1
"3939",34630,1
"3940",34631,1
"3941",34632,1
"3942",34633,1
"3943",34634,1
"3944",34635,1
"3945",34636,1
"3946",34637,1
"3947",34638,1
"3948",34639,1
"3949",34640,1
"3950",34641,1
"3951",34642,1
"3952",34643,1
"3953",34644,1
"3954",34645,1
"3955",34646,1
"3956",34647,1
"3957",34648,1
"3958",34649,1
"3959",34650,1
"3960",34651,1
"3961",34652,1
"3962",34653,1
"3963",34654,1
"3964",34655,1
"3965",34656,1
"3966",34657,1
"3967",34658,1
"3968",34659,1
"3969",34660,1
"3970",34661,1
"3971",34662,1
"3972",34663,1
"3973",34664,1
"3974",34665,1
"3975",34666,1
"3976",34667,0.000000000000000222044604925031
"3977",34668,1
"3978",34669,1
"3979",34670,1
"3980",34671,1
"3981",34672,1
"3982",34673,1
"3983",34674,1
"3984",34675,1
"3985",34676,1
"3986",34677,1
"3987",34678,1
"3988",34679,1
"3989",34680,1
"3990",34681,1
"3991",34682,1
"3992",34683,1
"3993",34684,1
"3994",34685,1
"3995",34686,1
"3996",34687,1
"3997",34688,1
"3998",34689,1
"3999",34690,1
"4000",34691,1
"4001",34692,1
"4002",34693,1
"4003",34694,1
"4004",34695,1
"4005",34696,1
"4006",34697,1
"4007",34698,1
"4008",34699,1
"4009",34700,1
"4010",34701,1
"4011",34702,1
"4012",34703,1
"4013",34704,1
"4014",34705,1
"4015",34706,1
"4016",34707,1
"4017",34708,1
"4018",34709,1
"4019",34710,1
"4020",34711,1
"4021",34712,1
"4022",34713,1
"4023",34714,1
"4024",34715,1
"4025",34716,1
"4026",34717,1
"4027",34718,1
"4028",34719,1
"4029",34720,1
"4030",34721,1
"4031",34722,1
"4032",34723,1
"4033",34724,1
"4034",34725,1
"4035",34726,1
"4036",34727,1
"4037",34728,1
"4038",34729,1
"4039",34730,1
"4040",34731,1
"4041",34732,1
"4042",34733,1
"4043",34734,1
"4044",34735,1
"4045",34736,1
"4046",34737,1
"4047",34738,1
"4048",34739,1
"4049",34740,1
"4050",34741,1
"4051",34742,1
"4052",34743,1
"4053",34744,1
"4054",34745,1
"4055",34746,1
"4056",34747,1
"4057",34748,1
"4058",34749,1
"4059",34750,1
"4060",34751,1
"4061",34752,1
"4062",34753,1
"4063",34754,1
"4064",34755,1
"4065",34756,1
"4066",34757,1
"4067",34758,1
"4068",34759,1
"4069",34760,1
"4070",34761,1
"4071",34762,1
"4072",34763,1
"4073",34764,1
"4074",34765,1
"4075",34766,1
"4076",34767,1
"4077",34768,1
"4078",34769,1
"4079",34770,1
"4080",34771,1
"4081",34772,1
"4082",34773,1
"4083",34774,1
"4084",34775,1
"4085",34776,1
"4086",34777,1
"4087",34778,1
"4088",34779,1
"4089",34780,1
"4090",34781,1
"4091",34782,1
"4092",34783,1
"4093",34784,1
"4094",34785,1
"4095",34786,1
"4096",34787,1
"4097",34788,1
"4098",34789,1
"4099",34790,1
"4100",34791,1
"4101",34792,1
"4102",34793,1
"4103",34794,1
"4104",34795,1
"4105",34796,1
"4106",34797,1
"4107",34798,1
"4108",34799,1
"4109",34800,1
"4110",34801,1
"4111",34802,1
"4112",34803,1
"4113",34804,1
"4114",34805,1
"4115",34806,1
"4116",34807,1
"4117",34808,1
"4118",34809,1
"4119",34810,1
"4120",34811,1
"4121",34812,1
"4122",34813,1
"4123",34814,1
"4124",34815,1
"4125",34816,1
"4126",34817,1
"4127",34818,1
"4128",34819,1
"4129",34820,1
"4130",34821,1
"4131",34822,1
"4132",34823,1
"4133",34824,1
"4134",34825,1
"4135",34826,1
"4136",34827,1
"4137",34828,1
"4138",34829,1
"4139",34830,1
"4140",34831,1
"4141",34832,1
"4142",34833,1
"4143",34834,1
"4144",34835,1
"4145",34836,1
"4146",34837,1
"4147",34838,1
"4148",34839,1
"4149",34840,1
"4150",34841,1
"4151",34842,1
"4152",34843,1
"4153",34844,1
"4154",34845,1
"4155",34846,0.000000000000000222044604925031
"4156",34847,1
"4157",34848,1
"4158",34849,1
"4159",34850,1
"4160",34851,1
"4161",34852,1
"4162",34853,1
"4163",34854,1
"4164",34855,1
"4165",34856,1
"4166",34857,1
"4167",34858,1
"4168",34859,1
"4169",34860,1
"4170",34861,1
"4171",34862,1
"4172",34863,1
"4173",34864,1
"4174",34865,1
"4175",34866,1
"4176",34867,1
"4177",34868,1
"4178",34869,1
"4179",34870,1
"4180",34871,1
"4181",34872,1
"4182",34873,1
"4183",34874,1
"4184",34875,1
"4185",34876,1
"4186",34877,1
"4187",34878,1
"4188",34879,1
"4189",34880,1
"4190",34881,1
"4191",34882,1
"4192",34883,1
"4193",34884,1
"4194",34885,1
"4195",34886,1
"4196",34887,1
"4197",34888,1
"4198",34889,1
"4199",34890,1
"4200",34891,1
"4201",34892,1
"4202",34893,1
"4203",34894,1
"4204",34895,1
"4205",34896,1
"4206",34897,1
"4207",34898,1
"4208",34899,1
"4209",34900,1
"4210",34901,1
"4211",34902,1
"4212",34903,1
"4213",34904,1
"4214",34905,1
"4215",34906,1
"4216",34907,1
"4217",34908,1
"4218",34909,1
"4219",34910,1
"4220",34911,1
"4221",34912,1
"4222",34913,1
"4223",34914,1
"4224",34915,1
"4225",34916,1
"4226",34917,1
"4227",34918,1
"4228",34919,1
"4229",34920,1
"4230",34921,1
"4231",34922,1
"4232",34923,1
"4233",34924,1
"4234",34925,1
"4235",34926,1
"4236",34927,1
"4237",34928,1
"4238",34929,1
"4239",34930,1
"4240",34931,1
"4241",34932,1
"4242",34933,1
"4243",34934,1
"4244",34935,1
"4245",34936,1
"4246",34937,1
"4247",34938,1
"4248",34939,1
"4249",34940,1
"4250",34941,1
"4251",34942,1
"4252",34943,1
"4253",34944,1
"4254",34945,1
"4255",34946,1
"4256",34947,1
"4257",34948,1
"4258",34949,1
"4259",34950,1
"4260",34951,1
"4261",34952,1
"4262",34953,1
"4263",34954,1
"4264",34955,1
"4265",34956,1
"4266",34957,1
"4267",34958,1
"4268",34959,1
"4269",34960,1
"4270",34961,1
"4271",34962,1
"4272",34963,1
"4273",34964,1
"4274",34965,1
"4275",34966,1
"4276",34967,1
"4277",34968,1
"4278",34969,1
"4279",34970,1
"4280",34971,1
"4281",34972,1
"4282",34973,1
"4283",34974,1
"4284",34975,1
"4285",34976,1
"4286",34977,1
"4287",34978,1
"4288",34979,1
"4289",34980,1
"4290",34981,1
"4291",34982,1
"4292",34983,1
"4293",34984,1
"4294",34985,1
"4295",34986,1
"4296",34987,1
"4297",34988,1
"4298",34989,1
"4299",34990,1
"4300",34991,1
"4301",34992,1
"4302",34993,1
"4303",34994,1
"4304",34995,1
"4305",34996,1
"4306",34997,1
"4307",34998,1
"4308",34999,1
"4309",35000,1
"4310",35001,1
"4311",35002,1
"4312",35003,1
"4313",35004,1
"4314",35005,1
"4315",35006,1
"4316",35007,1
"4317",35008,1
"4318",35009,1
"4319",35010,1
"4320",35011,1
"4321",35012,1
"4322",35013,1
"4323",35014,1
"4324",35015,1
"4325",35016,1
"4326",35017,1
"4327",35018,1
"4328",35019,1
"4329",35020,1
"4330",35021,1
"4331",35022,1
"4332",35023,1
"4333",35024,1
"4334",35025,1
"4335",35026,1
"4336",35027,1
"4337",35028,1
"4338",35029,1
"4339",35030,1
"4340",35031,1
"4341",35032,1
"4342",35033,1
"4343",35034,1
"4344",35035,1
"4345",35036,1
"4346",35037,1
"4347",35038,1
"4348",35039,1
"4349",35040,1
"4350",35041,1
"4351",35042,1
"4352",35043,1
"4353",35044,1
"4354",35045,1
"4355",35046,1
"4356",35047,1
"4357",35048,1
"4358",35049,1
"4359",35050,1
"4360",35051,1
"4361",35052,1
"4362",35053,1
"4363",35054,1
"4364",35055,1
"4365",35056,1
"4366",35057,1
"4367",35058,1
"4368",35059,1
"4369",35060,1
"4370",35061,1
"4371",35062,1
"4372",35063,1
"4373",35064,1
"4374",35065,1
"4375",35066,1
"4376",35067,1
"4377",35068,1
"4378",35069,1
"4379",35070,1
"4380",35071,1
"4381",35072,1
"4382",35073,1
"4383",35074,1
"4384",35075,1
"4385",35076,1
"4386",35077,1
"4387",35078,1
"4388",35079,1
"4389",35080,1
"4390",35081,1
"4391",35082,1
"4392",35083,1
"4393",35084,1
"4394",35085,1
"4395",35086,1
"4396",35087,1
"4397",35088,1
"4398",35089,1
"4399",35090,1
"4400",35091,1
"4401",35092,1
"4402",35093,1
"4403",35094,1
"4404",35095,1
"4405",35096,1
"4406",35097,1
"4407",35098,1
"4408",35099,1
"4409",35100,1
"4410",35101,1
"4411",35102,1
"4412",35103,1
"4413",35104,1
"4414",35105,1
"4415",35106,1
"4416",35107,1
"4417",35108,1
"4418",35109,1
"4419",35110,1
"4420",35111,1
"4421",35112,1
"4422",35113,1
"4423",35114,1
"4424",35115,1
"4425",35116,1
"4426",35117,1
"4427",35118,1
"4428",35119,1
"4429",35120,1
"4430",35121,1
"4431",35122,1
"4432",35123,1
"4433",35124,1
"4434",35125,1
"4435",35126,1
"4436",35127,1
"4437",35128,1
"4438",35129,1
"4439",35130,1
"4440",35131,1
"4441",35132,1
"4442",35133,1
"4443",35134,1
"4444",35135,1
"4445",35136,1
"4446",35137,1
"4447",35138,1
"4448",35139,1
"4449",35140,1
"4450",35141,1
"4451",35142,1
"4452",35143,1
"4453",35144,1
"4454",35145,1
"4455",35146,1
"4456",35147,1
"4457",35148,1
"4458",35149,1
"4459",35150,1
"4460",35151,1
"4461",35152,1
"4462",35153,1
"4463",35154,1
"4464",35155,1
"4465",35156,1
"4466",35157,1
"4467",35158,1
"4468",35159,1
"4469",35160,1
"4470",35161,1
"4471",35162,1
"4472",35163,1
"4473",35164,1
"4474",35165,1
"4475",35166,1
"4476",35167,1
"4477",35168,1
"4478",35169,1
"4479",35170,1
"4480",35171,1
"4481",35172,1
"4482",35173,1
"4483",35174,1
"4484",35175,1
"4485",35176,1
"4486",35177,1
"4487",35178,1
"4488",35179,1
"4489",35180,1
"4490",35181,1
"4491",35182,1
"4492",35183,1
"4493",35184,0.000000000000000222044604925031
"4494",35185,1
"4495",35186,1
"4496",35187,1
"4497",35188,1
"4498",35189,1
"4499",35190,1
"4500",35191,1
"4501",35192,1
"4502",35193,1
"4503",35194,1
"4504",35195,1
"4505",35196,1
"4506",35197,1
"4507",35198,1
"4508",35199,1
"4509",35200,1
"4510",35201,1
"4511",35202,1
"4512",35203,1
"4513",35204,1
"4514",35205,1
"4515",35206,1
"4516",35207,1
"4517",35208,1
"4518",35209,1
"4519",35210,1
"4520",35211,1
"4521",35212,1
"4522",35213,1
"4523",35214,1
"4524",35215,1
"4525",35216,1
"4526",35217,1
"4527",35218,1
"4528",35219,1
"4529",35220,1
"4530",35221,1
"4531",35222,1
"4532",35223,1
"4533",35224,1
"4534",35225,1
"4535",35226,1
"4536",35227,1
"4537",35228,1
"4538",35229,1
"4539",35230,1
"4540",35231,1
"4541",35232,1
"4542",35233,1
"4543",35234,1
"4544",35235,1
"4545",35236,1
"4546",35237,1
"4547",35238,1
"4548",35239,1
"4549",35240,1
"4550",35241,1
"4551",35242,1
"4552",35243,1
"4553",35244,1
"4554",35245,1
"4555",35246,1
"4556",35247,1
"4557",35248,1
"4558",35249,1
"4559",35250,1
"4560",35251,1
"4561",35252,1
"4562",35253,1
"4563",35254,1
"4564",35255,1
"4565",35256,1
"4566",35257,1
"4567",35258,1
"4568",35259,1
"4569",35260,1
"4570",35261,1
"4571",35262,1
"4572",35263,1
"4573",35264,1
"4574",35265,1
"4575",35266,1
"4576",35267,1
"4577",35268,1
"4578",35269,1
"4579",35270,1
"4580",35271,1
"4581",35272,1
"4582",35273,1
"4583",35274,1
"4584",35275,1
"4585",35276,1
"4586",35277,1
"4587",35278,1
"4588",35279,1
"4589",35280,1
"4590",35281,1
"4591",35282,1
"4592",35283,1
"4593",35284,1
"4594",35285,1
"4595",35286,1
"4596",35287,1
"4597",35288,1
"4598",35289,1
"4599",35290,1
"4600",35291,1
"4601",35292,1
"4602",35293,1
"4603",35294,1
"4604",35295,1
"4605",35296,1
"4606",35297,1
"4607",35298,1
"4608",35299,1
"4609",35300,1
"4610",35301,1
"4611",35302,1
"4612",35303,1
"4613",35304,1
"4614",35305,1
"4615",35306,1
"4616",35307,1
"4617",35308,1
"4618",35309,1
"4619",35310,1
"4620",35311,1
"4621",35312,1
"4622",35313,1
"4623",35314,1
"4624",35315,1
"4625",35316,1
"4626",35317,1
"4627",35318,1
"4628",35319,1
"4629",35320,1
"4630",35321,1
"4631",35322,1
"4632",35323,1
"4633",35324,1
"4634",35325,1
"4635",35326,1
"4636",35327,1
"4637",35328,1
"4638",35329,1
"4639",35330,1
"4640",35331,1
"4641",35332,1
"4642",35333,1
"4643",35334,1
"4644",35335,1
"4645",35336,1
"4646",35337,1
"4647",35338,1
"4648",35339,1
"4649",35340,1
"4650",35341,1
"4651",35342,1
"4652",35343,1
"4653",35344,1
"4654",35345,1
"4655",35346,1
"4656",35347,1
"4657",35348,1
"4658",35349,1
"4659",35350,1
"4660",35351,1
"4661",35352,1
"4662",35353,1
"4663",35354,1
"4664",35355,1
"4665",35356,1
"4666",35357,1
"4667",35358,1
"4668",35359,1
"4669",35360,1
"4670",35361,1
"4671",35362,1
"4672",35363,1
"4673",35364,1
"4674",35365,1
"4675",35366,1
"4676",35367,1
"4677",35368,1
"4678",35369,1
"4679",35370,1
"4680",35371,1
"4681",35372,1
"4682",35373,1
"4683",35374,1
"4684",35375,1
"4685",35376,1
"4686",35377,1
"4687",35378,1
"4688",35379,1
"4689",35380,1
"4690",35381,1
"4691",35382,1
"4692",35383,1
"4693",35384,1
"4694",35385,1
"4695",35386,1
"4696",35387,1
"4697",35388,1
"4698",35389,1
"4699",35390,1
"4700",35391,1
"4701",35392,1
"4702",35393,1
"4703",35394,1
"4704",35395,1
"4705",35396,1
"4706",35397,1
"4707",35398,1
"4708",35399,1
"4709",35400,1
"4710",35401,1
"4711",35402,1
"4712",35403,1
"4713",35404,1
"4714",35405,1
"4715",35406,1
"4716",35407,1
"4717",35408,1
"4718",35409,1
"4719",35410,1
"4720",35411,1
"4721",35412,1
"4722",35413,1
"4723",35414,1
"4724",35415,1
"4725",35416,1
"4726",35417,1
"4727",35418,1
"4728",35419,1
"4729",35420,1
"4730",35421,1
"4731",35422,1
"4732",35423,1
"4733",35424,1
"4734",35425,1
"4735",35426,1
"4736",35427,1
"4737",35428,1
"4738",35429,1
"4739",35430,1
"4740",35431,1
"4741",35432,1
"4742",35433,1
"4743",35434,1
"4744",35435,1
"4745",35436,1
"4746",35437,1
"4747",35438,1
"4748",35439,1
"4749",35440,1
"4750",35441,1
"4751",35442,1
"4752",35443,1
"4753",35444,1
"4754",35445,1
"4755",35446,1
"4756",35447,1
"4757",35448,1
"4758",35449,1
"4759",35450,1
"4760",35451,1
"4761",35452,1
"4762",35453,1
"4763",35454,1
"4764",35455,1
"4765",35456,1
"4766",35457,1
"4767",35458,1
"4768",35459,1
"4769",35460,1
"4770",35461,1
"4771",35462,1
"4772",35463,1
"4773",35464,1
"4774",35465,1
"4775",35466,1
"4776",35467,1
"4777",35468,1
"4778",35469,1
"4779",35470,1
"4780",35471,1
"4781",35472,1
"4782",35473,1
"4783",35474,1
"4784",35475,1
"4785",35476,1
"4786",35477,1
"4787",35478,1
"4788",35479,1
"4789",35480,1
"4790",35481,1
"4791",35482,1
"4792",35483,1
"4793",35484,1
"4794",35485,1
"4795",35486,1
"4796",35487,1
"4797",35488,1
"4798",35489,1
"4799",35490,1
"4800",35491,1
"4801",35492,1
"4802",35493,1
"4803",35494,1
"4804",35495,1
"4805",35496,1
"4806",35497,1
"4807",35498,1
"4808",35499,1
"4809",35500,1
"4810",35501,1
"4811",35502,1
"4812",35503,1
"4813",35504,1
"4814",35505,1
"4815",35506,1
"4816",35507,1
"4817",35508,1
"4818",35509,1
"4819",35510,1
"4820",35511,1
"4821",35512,1
"4822",35513,1
"4823",35514,1
"4824",35515,1
"4825",35516,1
"4826",35517,1
"4827",35518,1
"4828",35519,1
"4829",35520,1
"4830",35521,1
"4831",35522,1
"4832",35523,1
"4833",35524,1
"4834",35525,1
"4835",35526,1
"4836",35527,1
"4837",35528,1
"4838",35529,1
"4839",35530,1
"4840",35531,1
"4841",35532,1
"4842",35533,1
"4843",35534,1
"4844",35535,1
"4845",35536,1
"4846",35537,1
"4847",35538,1
"4848",35539,1
"4849",35540,1
"4850",35541,1
"4851",35542,1
"4852",35543,1
"4853",35544,1
"4854",35545,1
"4855",35546,1
"4856",35547,1
"4857",35548,1
"4858",35549,1
"4859",35550,1
"4860",35551,1
"4861",35552,1
"4862",35553,1
"4863",35554,1
"4864",35555,1
"4865",35556,1
"4866",35557,1
"4867",35558,1
"4868",35559,1
"4869",35560,1
"4870",35561,1
"4871",35562,1
"4872",35563,1
"4873",35564,1
"4874",35565,1
"4875",35566,1
"4876",35567,1
"4877",35568,1
"4878",35569,1
"4879",35570,1
"4880",35571,1
"4881",35572,1
"4882",35573,1
"4883",35574,1
"4884",35575,1
"4885",35576,1
"4886",35577,0.000000000000000222044604925031
"4887",35578,1
"4888",35579,1
"4889",35580,1
"4890",35581,1
"4891",35582,1
"4892",35583,1
"4893",35584,1
"4894",35585,1
"4895",35586,1
"4896",35587,1
"4897",35588,1
"4898",35589,1
"4899",35590,1
"4900",35591,1
"4901",35592,1
"4902",35593,1
"4903",35594,1
"4904",35595,1
"4905",35596,1
"4906",35597,1
"4907",35598,1
"4908",35599,1
"4909",35600,1
"4910",35601,1
"4911",35602,1
"4912",35603,1
"4913",35604,1
"4914",35605,1
"4915",35606,1
"4916",35607,1
"4917",35608,1
"4918",35609,1
"4919",35610,1
"4920",35611,1
"4921",35612,1
"4922",35613,1
"4923",35614,1
"4924",35615,1
"4925",35616,1
"4926",35617,1
"4927",35618,1
"4928",35619,1
"4929",35620,1
"4930",35621,1
"4931",35622,1
"4932",35623,1
"4933",35624,1
"4934",35625,1
"4935",35626,1
"4936",35627,1
"4937",35628,1
"4938",35629,1
"4939",35630,1
"4940",35631,1
"4941",35632,1
"4942",35633,1
"4943",35634,1
"4944",35635,1
"4945",35636,1
"4946",35637,1
"4947",35638,1
"4948",35639,1
"4949",35640,1
"4950",35641,1
"4951",35642,1
"4952",35643,1
"4953",35644,1
"4954",35645,1
"4955",35646,1
"4956",35647,1
"4957",35648,1
"4958",35649,1
"4959",35650,1
"4960",35651,1
"4961",35652,1
"4962",35653,1
"4963",35654,1
"4964",35655,1
"4965",35656,1
"4966",35657,1
"4967",35658,1
"4968",35659,1
"4969",35660,1
"4970",35661,1
"4971",35662,1
"4972",35663,1
"4973",35664,1
"4974",35665,1
"4975",35666,1
"4976",35667,1
"4977",35668,1
"4978",35669,1
"4979",35670,1
"4980",35671,1
"4981",35672,1
"4982",35673,1
"4983",35674,1
"4984",35675,1
"4985",35676,1
"4986",35677,1
"4987",35678,1
"4988",35679,1
"4989",35680,1
"4990",35681,1
"4991",35682,1
"4992",35683,1
"4993",35684,1
"4994",35685,1
"4995",35686,1
"4996",35687,1
"4997",35688,1
"4998",35689,1
"4999",35690,1
"5000",35691,1
